Order #,Order Date,Item Id,Item,Category,Quantity,Item Price,Item End Time,Payment Date,Payment Amount,Tracking #,Tax,Additional Fee,Shipping Price,Handling Price,Donation,Shipped Date,Seller
20323199,10/8/2018,58314229,2pc Dungeon & Dragons Handbook & Master Guide,Books > Non-Fiction > Games & Puzzles,1,$34.00,10/8/2018,10/8/2018,$34.01,463354807651	,$0.00,$0.00,$0.01,$0.00,$0.00,10/12/2018,Goodwill of the Olympics and Rainier Region
20408726,10/18/2018,58728679,TUNNELS & TROLLS 30TH ANNIVERSARY EDITION GAME,Books > Non-Fiction > Games & Puzzles,1,$24.00,10/17/2018,10/26/2018,$30.17,9449015901950515062135	,$0.00,$0.00,$3.17,$3.00,$0.00,11/1/2018,"Goodwill Industries of Central East Texas, Inc."
20562904,11/3/2018,59502786,Dungeons & Dragons Player's Handbook Rulebook 3.5,Books > Non-Fiction > Games & Puzzles,1,$16.00,11/3/2018,11/3/2018,$19.17,9449015901950503089960	,$0.00,$0.00,$3.17,$0.00,$0.00,11/5/2018,Goodwill of Northern New England
20564717,11/3/2018,59655308,The Lord of the Rings Miniatures Starter Set,Toys/Dolls/Games > Games,1,$9.00,11/3/2018,11/3/2018,$18.38,460068971490	,$0.00,$0.00,$6.38,$3.00,$0.00,11/7/2018,Goodwill of Greater Washington D.C.
20579747,11/5/2018,59653492,Dungeons & Dragons 3.5 Monster Manual Book,Books > Non-Fiction > Games & Puzzles,1,$21.00,11/5/2018,11/5/2018,$29.75,466633220504	,$0.00,$0.00,$6.75,$2.00,$0.00,11/8/2018,Goodwill Industries of Denver
20589733,11/6/2018,59593362,Lord Of The Rings Adventure Game,Toys/Dolls/Games > Games,1,$14.22,11/6/2018,11/6/2018,$24.19,453501136362	,$0.00,$0.00,$6.98,$2.99,$0.00,11/8/2018,"Goodwill Industries of Central Illinois, Inc."
20597352,11/7/2018,59662223,Dungeons and Dragons Role Playing Starter Set,Books > Non-Fiction > Games & Puzzles,1,$28.69,11/7/2018,11/7/2018,$36.82,469841670936	,$0.00,$0.00,$5.13,$3.00,$0.00,11/8/2018,Goodwill Industries of the Inland Northwest
20601905,11/7/2018,59660656,Dungeons and Dragons Core Rulebook 1 v.3.5,Books > Fiction > Action,1,$15.99,11/7/2018,11/7/2018,$22.65,9449015901950481060623	,$0.00,$0.00,$2.66,$4.00,$0.00,11/13/2018,Goodwill Industries of Southern Arizona
20653170,11/13/2018,59993354,Nine Assorted Dungeons & Dragons Mini Figures,"Collectibles > Action Figures, Maquettes & Mini Busts",1,$22.00,11/13/2018,11/15/2018,$30.53,466857090986	,$0.00,$0.00,$5.04,$3.49,$0.00,11/24/2018,Goodwill of Silicon Valley
20728222,11/21/2018,60201189,Heroscape The Battle of All Time Game,Toys/Dolls/Games > Games,1,$22.01,11/20/2018,11/21/2018,$40.92,1Z1222W70398358438	,$0.00,$0.00,$15.92,$2.99,$0.00,11/23/2018,Goodwill-Easter Seals MN
20751136,11/23/2018,60265015,WizKids Mech Warrior Game Figures/Pieces,Toys/Dolls/Games > Games,1,$31.00,11/23/2018,11/30/2018,$35.00,	,$0.00,$0.00,$0.00,$4.00,$0.00,12/1/2018,Goodwill Industries of the Columbia Willamette
20755388,11/24/2018,60295152,Advanced Dungeons & Dragons Forgotten Realm Book,Books > Non-Fiction > Games & Puzzles,1,$18.99,11/23/2018,11/30/2018,$24.64,9449010898317034556866	,$0.00,$0.00,$2.66,$2.99,$0.00,12/5/2018,"Goodwill Industries of Central Illinois, Inc."
20778211,11/26/2018,60298905,Advanced Dungeons & Dragons Trading Cards Set,Collectibles > Sports Cards/Trading Cards,1,$9.99,11/23/2018,11/30/2018,$21.76,469453052988	,$0.00,$0.00,$9.77,$2.00,$0.00,12/5/2018,Easterseals-Goodwill Northern Rocky Mountain -SLC
20807402,11/30/2018,60300912,Dungeons & Dragons Wrath of Ashardalon Game,Toys/Dolls/Games > Games,1,$23.00,11/23/2018,11/30/2018,$27.00,	,$0.00,$0.00,$0.00,$4.00,$0.00,12/1/2018,Goodwill Industries of the Columbia Willamette
20837076,12/3/2018,60765009,"34 Dungeons & Dragon Figures, 1 Dice & Cards",Toys/Dolls/Games > Toys,1,$65.00,12/3/2018,12/3/2018,$75.00,472362765805	,$0.00,$0.00,$8.00,$2.00,$0.00,12/4/2018,Goodwill of Central & Southern Indiana
20864173,12/6/2018,60819189,5 Breyer Plastic Model Horses with Retail Boxes,Toys/Dolls/Games > Toys,1,$26.50,12/6/2018,12/6/2018,$30.50,	,$0.00,$0.00,$0.00,$4.00,$0.00,12/16/2018,Goodwill Industries of the Columbia Willamette
20984519,12/19/2018,61330334,Forgotten Realms Dragonlance R.A. Salvatore Books,Books,1,$15.00,12/19/2018,12/21/2018,$25.21,463347933270	,$0.00,$0.00,$7.71,$2.50,$0.00,12/26/2018,Goodwill Industries of Greater Cleveland & East Central Ohio
21053413,12/27/2018,61704742,"Dungeons & Dragons Books, Other RPG Books",Toys/Dolls/Games > Games,1,$41.77,12/27/2018,12/29/2018,$67.23,1Z1222W70395015492	,$0.00,$0.00,$22.47,$2.99,$0.00,1/2/2019,Goodwill-Easter Seals MN
21100231,1/2/2019,61892304,Dungeon & Dragons Loot Crate Original Collectible,Collectibles,1,$76.00,1/2/2019,1/2/2019,$86.84,468738999044	,$0.00,$0.00,$7.84,$3.00,$0.00,1/7/2019,Goodwill of Greater Grand Rapids
21111578,1/3/2019,61998234,Magic MTG Arena Planeswalkers Board Game +Expac,Toys/Dolls/Games > Games,1,$10.00,1/3/2019,1/3/2019,$25.28,784866203138	,$0.00,$0.00,$11.28,$4.00,$0.00,1/8/2019,Goodwill Industries of Lane & South Coast Counties
21189072,1/13/2019,62314275,Dungeons & Dragons The Legend of Drizzt Set,Toys/Dolls/Games > Games,1,$35.00,1/12/2019,1/21/2019,$46.25,480208103647	,$0.00,$0.00,$7.25,$4.00,$0.00,1/24/2019,Goodwill Industries of the Columbia Willamette
21189075,1/13/2019,62382390,Magic The Gathering Arena Of The Planeswalkers,Books > Non-Fiction > Games & Puzzles,1,$4.99,1/11/2019,1/13/2019,$15.57,480341132921	,$0.00,$0.00,$7.33,$3.25,$0.00,1/18/2019,Goodwill of Orange County
21189089,1/13/2019,62386489,Dungeons & Dragons Board Game,Toys/Dolls/Games > Games,1,$30.00,1/12/2019,1/21/2019,$48.67,1Z64A8560351987908	,$0.00,$0.00,$15.68,$2.99,$0.00,1/23/2019,Goodwill Industries Sacramento Valley
21199167,1/14/2019,62467147,Android NetRunner The Card Game,Toys/Dolls/Games > Games,1,$8.99,1/14/2019,1/23/2019,$19.23,464243365348	,$0.00,$0.00,$7.25,$2.99,$0.00,1/28/2019,"Goodwill Industries of Central North Carolina, Inc."
21227935,1/16/2019,62511350,Android Netrunner The Card Game Quorum-Sealed,Toys/Dolls/Games,1,$4.99,1/14/2019,1/22/2019,$14.47,480341148200	,$0.00,$0.00,$6.23,$3.25,$0.00,1/30/2019,Goodwill of Orange County
21326728,1/27/2019,62932295,Talisman The Magical Quest Board Game 4th Edition,Toys/Dolls/Games > Games,1,$28.00,1/25/2019,1/31/2019,$38.25,480341162247	,$0.00,$0.00,$7.00,$3.25,$0.00,2/6/2019,Goodwill of Orange County
21541160,2/18/2019,63801328,R. Talsorian Cyberpunk: Land of the Free Game,Toys/Dolls/Games > Games,1,$13.00,2/17/2019,2/18/2019,$22.83,466857223002	,$0.00,$0.00,$6.34,$3.49,$0.00,2/21/2019,Goodwill of Silicon Valley
22127546,4/16/2019,66390706,Android Netrunner Data Pack Kala Ghoda Sealed,Collectibles > Sports Cards/Trading Cards,1,$7.99,4/15/2019,4/16/2019,$17.00,477764620283	,$0.00,$0.00,$7.01,$2.00,$0.00,4/22/2019,Goodwill of Greater Washington D.C.
22264878,4/29/2019,66660002,GRAB LOT #28 SET OF 3 DUNGEONS & DRAGONS BOOKS,Books > Fiction,1,$28.88,4/23/2019,5/1/2019,$42.37,495897895280	,$0.00,$0.00,$10.49,$3.00,$0.00,5/2/2019,Goodwill Keystone Area - Reading
22534597,5/25/2019,68271344,Rare Dungeons & Dragons Icons Colossal Red Dragon,Collectibles,1,$277.00,5/23/2019,5/31/2019,$288.83,479614328579	,$0.00,$0.00,$7.83,$4.00,$0.00,6/3/2019,Goodwill Industries of Southern NJ & Philadelphia
22703984,6/11/2019,69591364,Dungeons & Dragons Miniature Game Starter Kit,Toys/Dolls/Games > Games,1,$48.00,6/11/2019,6/14/2019,$65.00,9405510898317037682334	,$0.00,$0.00,$13.10,$3.00,$0.00,6/20/2019,Goodwill of Central Iowa
28170770,11/1/2020,106903100,(7) Dungeons & Dragons Official Guides,Books > Fiction > Fantasy,1,$51.00,10/31/2020,11/1/2020,$70.74,1Z64A8560351399295	,$0.00,$0.00,$16.75,$2.99,$0.00,11/6/2020,Goodwill Industries Sacramento Valley
28227302,11/5/2020,107256092,Vintage TSR Dawn Patrol RPG WW 1 Air Combat,Toys/Dolls/Games > Games,1,$23.11,11/4/2020,11/5/2020,$32.19,398634172107	,$0.00,$0.00,$7.58,$1.50,$0.00,11/6/2020,Goodwill Industries of Greater Cleveland & East Central Ohio
28227323,11/5/2020,107185736,"Dungeons & Dragons Core Rulebooks I,II,III",Books > Collections/Sets,1,$101.00,11/4/2020,11/5/2020,$113.58,920381932432	,$0.00,$0.00,$10.58,$2.00,$0.00,11/11/2020,Marion Goodwill Industries
28265978,11/8/2020,107417440,Dungeons & Dragons Dark Sun Creature Catalog 2010,Toys/Dolls/Games > Games,1,$19.00,11/8/2020,11/8/2020,$31.24,398811395667	,$0.00,$0.00,$8.24,$4.00,$0.00,11/11/2020,Evergreen Goodwill
28306639,11/11/2020,107836161,Dungeons Dragons the Mines of Bloodstone,Books,1,$40.00,11/11/2020,11/11/2020,$56.56,398850361574	,$0.00,$0.00,$13.56,$3.00,$0.00,11/12/2020,Goodwill Industries of Greater New York and Northern New Jersey
28880501,12/26/2020,111400021,Advanced Dungeons & Dragons 2nd Edition Game 1994,Bulk > Toys/Dolls/Games,1,$76.00,12/26/2020,12/26/2020,$86.77,932039400310	,$0.00,$0.00,$8.77,$2.00,$0.00,12/30/2020,Easterseals-Goodwill Northern Rocky Mountain -SLC
28880573,12/26/2020,111130601,Advanced Dungeons & Dragons Raven Loft Books-IOB,Books,1,$216.00,12/26/2020,12/27/2020,$226.52,782034945876	,$0.00,$0.00,$6.52,$4.00,$0.00,12/29/2020,Evergreen Goodwill
59420068,12/22/2025,250729531,"HeroScape Road to the Forgotten Forest Expansion Set- Bridge, Guard & More",Toys/Dolls/Games > Games,1,$76.00,12/22/2025,12/22/2025,$87.46,887400457542	,$0.00,$0.00,$9.46,$2.00,$0.00,12/24/2025,Goodwill Industries of the Columbia Willamette
59426441,12/22/2025,250689245,"16+ Lbs. Of Loose Unsorted Mixed Diecast Vehicles - Hot Wheels, Matchbox, More",Toys/Dolls/Games > Toys > Cars & Trucks,1,$23.00,12/22/2025,12/22/2025,$37.33,887386739897	,$0.00,$0.00,$12.33,$2.00,$0.00,12/23/2025,Goodwill Industries of the Columbia Willamette
59426474,12/22/2025,250691991,"Four Factory Sealed LEGO Sets - Batman, Botanicals, Super Mario, Snake",Toys/Dolls/Games > Toys > LEGO,1,$41.08,12/22/2025,12/22/2025,$52.98,887400512480	,$0.00,$0.00,$9.90,$2.00,$0.00,12/24/2025,Goodwill Industries of the Columbia Willamette
59432634,12/23/2025,250436807,Hunt A Killer The Moon Summit Murder Mystery Box Game Episodes 1-6,Toys/Dolls/Games > Games,1,$24.99,12/23/2025,12/23/2025,$25.00,887429646127	,$0.00,$0.00,$0.01,$0.00,$0.00,12/26/2025,Goodwill Industries of the Columbia Willamette
59453715,12/24/2025,250614260,Magic: The Gathering Arena of the Planeswalkers and Starter Kit Bundle,Toys/Dolls/Games > Games,1,$21.00,12/23/2025,12/24/2025,$33.80,397137369756	,$0.00,$0.00,$8.80,$4.00,$0.00,12/24/2025,Goodwill Industries of Lane & South Coast Counties
59469129,12/24/2025,250585251,The Wizard of Oz Collector's Edition 50th Anniversary Doll Set,Toys/Dolls/Games > Dolls > Vintage,1,$21.00,12/24/2025,12/24/2025,$66.35,397168070496	,$0.00,$0.00,$11.10,$8.00,$0.00,12/26/2025,Goodwill Industries of Lane & South Coast Counties
59469129,12/24/2025,250700058,LEGO City Sets & Assorted Minifigures Bundle,Toys/Dolls/Games > Toys > LEGO,1,$26.25,12/24/2025,12/24/2025,$66.35,397168070496	,$0.00,$0.00,$11.10,$8.00,$0.00,12/26/2025,Goodwill Industries of Lane & South Coast Counties
59469157,12/24/2025,250931072,"LEGO Minifigures: Minecraft. LOTR, Star Wars & More",Toys/Dolls/Games > Toys > LEGO,1,$37.12,12/24/2025,12/24/2025,$94.53,887452344113	,$0.00,$0.00,$11.43,$6.00,$0.00,12/28/2025,Goodwill Industries of the Columbia Willamette
59469157,12/24/2025,250950563,Assorted Mixed Brand Die Cast Toy Cars Lot- 6.37 Lbs,Toys/Dolls/Games > Toys > Cars & Trucks,1,$19.99,12/24/2025,12/24/2025,$94.53,887452344113	,$0.00,$0.00,$11.43,$6.00,$0.00,12/28/2025,Goodwill Industries of the Columbia Willamette
59469157,12/24/2025,250955473,"(2) Vintage 1974 Hot Wheel Diecast Cars - Red Torino Stocker, Large Charge",Toys/Dolls/Games > Toys > Cars & Trucks,1,$19.99,12/24/2025,12/24/2025,$94.53,887452344113	,$0.00,$0.00,$11.43,$6.00,$0.00,12/28/2025,Goodwill Industries of the Columbia Willamette
59469188,12/24/2025,250639063,Pokemon Pikachu Smart Watch NIB,Toys/Dolls/Games > Toys,1,$9.99,12/24/2025,12/24/2025,$36.04,441366686542	,$0.00,$0.00,$10.06,$6.00,$0.00,12/27/2025,Goodwill Industries of the Inland Northwest
59469188,12/24/2025,250730523,Marvel D.A.G.G.E.R. Board Game - Defense Alliance for Global and Galactic Emerge,Toys/Dolls/Games > Games,1,$9.99,12/24/2025,12/24/2025,$36.04,441366686542	,$0.00,$0.00,$10.06,$6.00,$0.00,12/27/2025,Goodwill Industries of the Inland Northwest
59475340,12/25/2025,250593307,"LEGO Sets Bundle - Star Wars, City, DREAMZzz",Toys/Dolls/Games > Toys > LEGO,1,$49.99,12/24/2025,12/25/2025,$50.00,497675131905	,$0.00,$0.00,$0.01,$0.00,$0.00,12/29/2025,Goodwill of the Olympics and Rainier Region
59483623,12/25/2025,251005208,Vintage 1969 Hot Wheels 'Swinging Wing' Diecast Vehicle,Toys/Dolls/Games > Toys > Cars & Trucks,1,$36.00,12/25/2025,12/25/2025,$142.06,887454447964	,$0.00,$0.00,$12.08,$8.00,$0.00,12/28/2025,Goodwill Industries of the Columbia Willamette
59483623,12/25/2025,251005273,"Vintage 1968 Hot Wheel ""Splittin' Image""",Toys/Dolls/Games > Toys > Cars & Trucks,1,$19.99,12/25/2025,12/25/2025,$142.06,887454447964	,$0.00,$0.00,$12.08,$8.00,$0.00,12/28/2025,Goodwill Industries of the Columbia Willamette
59483623,12/25/2025,251007284,LEGO Building Set Bionicle Cendox V1 8992 - Factory Sealed,Toys/Dolls/Games > Toys > LEGO,1,$46.00,12/25/2025,12/25/2025,$142.06,887454447964	,$0.00,$0.00,$12.08,$8.00,$0.00,12/28/2025,Goodwill Industries of the Columbia Willamette
59483623,12/25/2025,251007335,(2) LEGO Building Set - Surface Space Loader LT73 & Surprising Spider (Sealed),Toys/Dolls/Games > Toys > LEGO,1,$19.99,12/25/2025,12/25/2025,$142.06,887454447964	,$0.00,$0.00,$12.08,$8.00,$0.00,12/28/2025,Goodwill Industries of the Columbia Willamette
59483746,12/25/2025,250918047,4.5lb Lot of My Little Pony Figures - Various Characters & Colors,Toys/Dolls/Games > Toys,1,$8.99,12/25/2025,12/25/2025,$34.71,441366687685	,$0.00,$0.00,$10.73,$6.00,$0.00,12/29/2025,Goodwill Industries of the Inland Northwest
59483746,12/25/2025,250918048,"My Little Pony 2"" Mini Figurine Collection",Toys/Dolls/Games > Toys,1,$8.99,12/25/2025,12/25/2025,$34.71,441366687685	,$0.00,$0.00,$10.73,$6.00,$0.00,12/29/2025,Goodwill Industries of the Inland Northwest
59483848,12/25/2025,250694537,Star Wars Men's Med Zip Up Hood Sweater Size L,Collectibles > Star Wars,1,$26.00,12/25/2025,12/25/2025,$35.88,397207316991	,$0.00,$0.00,$9.88,$0.00,$0.00,12/28/2025,Goodwill San Diego and Imperial Counties
59484365,12/25/2025,251005124,Vintage 1968 Hot Wheels 'Turbofire' Diecast Vehicle,Toys/Dolls/Games > Toys > Cars & Trucks,1,$19.99,12/25/2025,12/25/2025,$65.60,887454501987	,$0.00,$0.00,$10.61,$4.00,$0.00,12/28/2025,Goodwill Industries of the Columbia Willamette
59484365,12/25/2025,251014713,"(2) Complete Sealed Lego Kits - 40764 Easter, 21154 Minecraft",Toys/Dolls/Games > Toys > LEGO,1,$31.00,12/25/2025,12/25/2025,$65.60,887454501987	,$0.00,$0.00,$10.61,$4.00,$0.00,12/28/2025,Goodwill Industries of the Columbia Willamette
59507901,12/26/2025,250914658,Star Wars The Mandalorian Boba Fett's Starfighter & Imperial Cruiser Model Kit,Toys/Dolls/Games,1,$9.99,12/26/2025,12/26/2025,$13.00,397195407640	,$0.00,$0.00,$0.01,$3.00,$0.00,12/27/2025,Evergreen Goodwill
59507971,12/26/2025,250826346,LEGO Marvel Sets: Shuri's Lab & Rocket with Baby Groot (SEALED),Toys/Dolls/Games > Toys > LEGO,1,$19.08,12/25/2025,12/26/2025,$57.98,397253575583	,$0.00,$0.00,$10.90,$8.00,$0.00,12/29/2025,Goodwill Industries of Lane & South Coast Counties
59507971,12/26/2025,250935993,"Pokemon Collector Set with Figures, Binder, and Detective Pikachu Plush",Toys/Dolls/Games > Toys,1,$20.00,12/26/2025,12/26/2025,$57.98,397253575583	,$0.00,$0.00,$10.90,$8.00,$0.00,12/29/2025,Goodwill Industries of Lane & South Coast Counties
59508038,12/26/2025,250961804,4pc Lot Stone Blade Solforge Fusion Booster Kits 1st Edition New/Factory Sealed,Toys/Dolls/Games > Games,1,$4.99,12/26/2025,12/26/2025,$19.33,887508839857	,$0.00,$0.00,$11.34,$3.00,$0.00,12/30/2025,"Goodwill Industries of the Chesapeake, Inc."
59508107,12/26/2025,251064125,2 Vintage Redline Hot Wheels Die Cast Cars - Olds 442 & Sweet 16 Custom Firebird,Toys/Dolls/Games > Toys > Cars & Trucks,1,$66.00,12/26/2025,12/26/2025,$77.00,887484582170	,$0.00,$0.00,$9.00,$2.00,$0.00,12/29/2025,Goodwill Industries of the Columbia Willamette
59508360,12/26/2025,250804973,Box of Assorted My Little Pony Figures,Toys/Dolls/Games,1,$101.00,12/26/2025,12/26/2025,$128.57,497675136355	,$0.00,$0.00,$0.02,$0.00,$0.00,12/30/2025,Goodwill of the Olympics and Rainier Region
59508360,12/26/2025,250920941,"Lot of 5 RPG Sourcebooks: GURPS Goblins, Blue Planet, Digital Burn & More",Toys/Dolls/Games > Games,1,$27.55,12/26/2025,12/26/2025,$128.57,497675136355	,$0.00,$0.00,$0.02,$0.00,$0.00,12/30/2025,Goodwill of the Olympics and Rainier Region
59508441,12/26/2025,250800648,Bandai Gf13 017njii G Gundam Neo Japan Mobile Fighter Model Kit Partly Built,Crafts & Hobbies > Models & Model Kits,1,$9.99,12/25/2025,12/26/2025,$26.32,9434636208303359683052	,$0.00,$0.00,$13.34,$2.99,$0.00,12/31/2025,Goodwill-Easter Seals MN
59508505,12/26/2025,250955562,The Silmarillion by JRR Tolkien & An Encyclopedia of Tolkien by David Day Books,Books > Antique/Collectible,1,$23.34,12/26/2025,12/26/2025,$33.98,397342730523	,$0.00,$0.00,$6.65,$3.99,$0.00,1/1/2026,Southern Oregon Goodwill Industries
59510794,12/26/2025,251155905,Lot of 3 Dungeons & Dragons Honor Among Thieves Gelatinous Cubes Sets,Toys/Dolls/Games > Games,1,$16.00,12/26/2025,12/26/2025,$33.85,397433050796	,$0.00,$0.00,$15.85,$2.00,$0.00,1/5/2026,Goodwill Industries of the Southern Piedmont
59521750,12/27/2025,251099772,Dr. Martens Women's Holly Iridescent Crackle Gunmetal Leather  Size7 Shoes,Clothing > Women's Clothing > Shoes Women's > Size 7,1,$24.99,12/27/2025,12/27/2025,$25.00,887453941404	,$0.00,$0.00,$0.01,$0.00,$0.00,12/28/2025,Goodwill Industries of the Columbia Willamette
59525630,12/27/2025,250934142,"Pink Floyd Music Ltd. 1973 Graphic Band Short Sleeve T-Shirt - Large, Black",Clothing > Men's Clothing > Shirts,1,$9.99,12/27/2025,12/27/2025,$168.61,441366690074	,$0.00,$0.00,$11.64,$10.00,$0.00,12/31/2025,Goodwill Industries of the Inland Northwest
59525630,12/27/2025,250948398,"Women's Lululemon Blue High-Waisted Leggings, Size 8",Clothing > Women's Clothing > Athletic Apparel > Size 8,1,$12.00,12/27/2025,12/27/2025,$168.61,441366690074	,$0.00,$0.00,$11.64,$10.00,$0.00,12/31/2025,Goodwill Industries of the Inland Northwest
59525630,12/27/2025,250952186,Grab Bag of Hot Wheels Die-Cast Cars - Mixed Loose and Packaged Items,Toys/Dolls/Games > Toys > Cars & Trucks,1,$13.00,12/27/2025,12/27/2025,$168.61,441366690074	,$0.00,$0.00,$11.64,$10.00,$0.00,12/31/2025,Goodwill Industries of the Inland Northwest
59525630,12/27/2025,250952197,Women's Lululemon Green Striped Athletic Leggings - Size 4,Clothing > Women's Clothing > Athletic Apparel > Size 4,1,$9.99,12/27/2025,12/27/2025,$168.61,441366690074	,$0.00,$0.00,$11.64,$10.00,$0.00,12/31/2025,Goodwill Industries of the Inland Northwest
59525630,12/27/2025,250953589,J.R.R. Tolkien Box Set: The Hobbit and The Lord of the Rings (4 Books),Books > Collections/Sets,1,$36.00,12/27/2025,12/27/2025,$168.61,441366690074	,$0.00,$0.00,$11.64,$10.00,$0.00,12/31/2025,Goodwill Industries of the Inland Northwest
59525630,12/27/2025,250955144,Lot of 6 Xbox 360 Wireless Controllers - Mixed Colors,Gaming Systems & Games > Microsoft Xbox 360,1,$36.00,12/27/2025,12/27/2025,$168.61,441366690074	,$0.00,$0.00,$11.64,$10.00,$0.00,12/31/2025,Goodwill Industries of the Inland Northwest
59525630,12/27/2025,250960741,"Dr. Martens Black Canvas Lace-Up Boots, Size US 6 / UK 4 / EU 37",Clothing > Women's Clothing > Shoes Women's > Size 6,1,$9.99,12/27/2025,12/27/2025,$168.61,441366690074	,$0.00,$0.00,$11.64,$10.00,$0.00,12/31/2025,Goodwill Industries of the Inland Northwest
59525630,12/27/2025,251016248,Harley-Davidson XL Black Quilted Jacket with Embroidered Logos,Clothing > Men's Clothing > Outerwear > Size XL,1,$20.00,12/27/2025,12/27/2025,$168.61,441366690074	,$0.00,$0.00,$11.64,$10.00,$0.00,12/31/2025,Goodwill Industries of the Inland Northwest
59525798,12/27/2025,251015350,Women's Lululemon Striped Athletic Capri Leggings - Size 6,Clothing > Women's Clothing > Athletic Apparel > Size 6,1,$8.50,12/27/2025,12/27/2025,$168.11,483870698170	,$0.00,$0.00,$11.64,$10.00,$0.00,1/1/2026,Goodwill Industries of the Inland Northwest
59525798,12/27/2025,251015569,Lululemon Women's Blue Ribbed Capri Leggings Ruched Sides,Clothing > Women's Clothing > Athletic Apparel > Size M,1,$8.50,12/27/2025,12/27/2025,$168.11,483870698170	,$0.00,$0.00,$11.64,$10.00,$0.00,1/1/2026,Goodwill Industries of the Inland Northwest
59525798,12/27/2025,251015676,Lululemon Athletica Women's Activewear Leggings Size 2,Clothing > Women's Clothing > Athletic Apparel > Size 2,1,$8.50,12/27/2025,12/27/2025,$168.11,483870698170	,$0.00,$0.00,$11.64,$10.00,$0.00,1/1/2026,Goodwill Industries of the Inland Northwest
59525798,12/27/2025,251015706,Lululemon Black Strappy Support Athletic Tank Top - Size 6,Clothing > Women's Clothing > Athletic Apparel > Size 6,1,$11.00,12/27/2025,12/27/2025,$168.11,483870698170	,$0.00,$0.00,$11.64,$10.00,$0.00,1/1/2026,Goodwill Industries of the Inland Northwest
59525798,12/27/2025,251015806,Lululemon Navy Blue Women's Jogger Pants - Size 4,Clothing > Women's Clothing > Pants > Size 4,1,$18.02,12/27/2025,12/27/2025,$168.11,483870698170	,$0.00,$0.00,$11.64,$10.00,$0.00,1/1/2026,Goodwill Industries of the Inland Northwest
59525798,12/27/2025,251015840,Lululemon Women's Navy Blue Athletic Short Sleeve Dress Size 10,Clothing > Women's Clothing > Dresses > Size 10,1,$8.99,12/27/2025,12/27/2025,$168.11,483870698170	,$0.00,$0.00,$11.64,$10.00,$0.00,1/1/2026,Goodwill Industries of the Inland Northwest
59525798,12/27/2025,251015855,"Lululemon Women's High-Waisted Cropped Leggings - Size 8, Animal Print, White Gr",Clothing > Women's Clothing > Athletic Apparel > Size 8,1,$12.00,12/27/2025,12/27/2025,$168.11,483870698170	,$0.00,$0.00,$11.64,$10.00,$0.00,1/1/2026,Goodwill Industries of the Inland Northwest
59525798,12/27/2025,251015906,AC/DC Highway to Hell 1979 US Tour Black Graphic T-Shirt,Clothing > Men's Clothing > Shirts,1,$8.99,12/27/2025,12/27/2025,$168.11,483870698170	,$0.00,$0.00,$11.64,$10.00,$0.00,1/1/2026,Goodwill Industries of the Inland Northwest
59525798,12/27/2025,251015910,Lululemon Beige Belt Bag with Adjustable Strap and Multiple Compartments,Travel/Luggage,1,$8.99,12/27/2025,12/27/2025,$168.11,483870698170	,$0.00,$0.00,$11.64,$10.00,$0.00,1/1/2026,Goodwill Industries of the Inland Northwest
59525798,12/27/2025,251016114,Carhartt Men's Cobalt Blue Plaid Flannel Button-Up Shirt,Clothing > Men's Clothing > Shirts,1,$16.00,12/27/2025,12/27/2025,$168.11,483870698170	,$0.00,$0.00,$11.64,$10.00,$0.00,1/1/2026,Goodwill Industries of the Inland Northwest
59525798,12/27/2025,251016129,Lululemon Women's Black Leggings Size 8,Clothing > Women's Clothing > Athletic Apparel > Size 8,1,$8.99,12/27/2025,12/27/2025,$168.11,483870698170	,$0.00,$0.00,$11.64,$10.00,$0.00,1/1/2026,Goodwill Industries of the Inland Northwest
59525798,12/27/2025,251016133,Lululemon Women's Pink Athletic Tank Top - Size 8,Clothing > Women's Clothing > Athletic Apparel > Size 8,1,$8.99,12/27/2025,12/27/2025,$168.11,483870698170	,$0.00,$0.00,$11.64,$10.00,$0.00,1/1/2026,Goodwill Industries of the Inland Northwest
59525798,12/27/2025,251016148,"Lululemon Cropped Align Tee - Pink Peony, Size 6",Clothing > Women's Clothing > Athletic Apparel > Size 6,1,$19.00,12/27/2025,12/27/2025,$168.11,483870698170	,$0.00,$0.00,$11.64,$10.00,$0.00,1/1/2026,Goodwill Industries of the Inland Northwest
59525854,12/27/2025,251174248,Women's Dr. Martens Devon Heart Platform Boots Sz 9,Clothing > Women's Clothing > Shoes Women's,1,$59.00,12/27/2025,12/28/2025,$73.01,397393471456	,$0.00,$0.00,$11.02,$2.99,$0.00,1/3/2026,Goodwill of Colorado
59536144,12/28/2025,251140255,1995 Bandai Mobile Suit Gundam Wing ActionFigure Model Kit Mobile Suit: XXXG-01W,Crafts & Hobbies > Models & Model Kits,1,$4.49,12/27/2025,12/28/2025,$16.78,493193030674	,$0.00,$0.00,$10.29,$2.00,$0.00,12/29/2025,"Goodwill Industries of East Texas, Inc."
59536190,12/28/2025,251176194,Schelich The Smurfs Lot - 43 Loose Assorted Figurines,Toys/Dolls/Games > Toys,1,$123.22,12/27/2025,12/28/2025,$161.10,887546258217	,$0.00,$0.00,$15.89,$2.00,$0.00,12/31/2025,Goodwill Industries of the Columbia Willamette
59536190,12/28/2025,251215993,Dr. Martens Women's Black Size 5 Boots,Clothing > Women's Clothing > Shoes Women's > Size 5,1,$19.99,12/27/2025,12/28/2025,$161.10,887546258217	,$0.00,$0.00,$15.89,$2.00,$0.00,12/31/2025,Goodwill Industries of the Columbia Willamette
59538375,12/28/2025,251138281,Dr Martens Boots Women Black Casual Shoes - US 7,Clothing > Women's Clothing > Shoes Women's,1,$42.00,12/27/2025,12/28/2025,$58.03,397318447971	,$0.00,$0.00,$12.53,$3.50,$0.00,12/31/2025,Goodwill of Western and Northern Connecticut
59545765,12/28/2025,251239820,Pokemon Master Trainer Board Game + 14pc Toy Plush Lot Vintage Hasbro Nintendo,Toys/Dolls/Games > Games,1,$63.00,12/28/2025,12/28/2025,$79.48,397439570723	,$0.00,$0.00,$13.13,$3.35,$0.00,1/5/2026,Goodwill Industries of Greater Cleveland & East Central Ohio
59545810,12/28/2025,251250121,2 Star Trek Ship Models With Boxes,Collectibles,1,$51.00,12/28/2025,12/28/2025,$201.57,397326264094	,$0.00,$0.00,$12.06,$20.00,$0.00,12/31/2025,Goodwill Industries of Southern Arizona
59545810,12/28/2025,251250160,2 Star Trek Ship Models With Boxes,Collectibles,1,$26.00,12/28/2025,12/28/2025,$201.57,397326264094	,$0.00,$0.00,$12.06,$20.00,$0.00,12/31/2025,Goodwill Industries of Southern Arizona
59545810,12/28/2025,251250187,2 Star Trek Ship Models,Collectibles,1,$32.00,12/28/2025,12/28/2025,$201.57,397326264094	,$0.00,$0.00,$12.06,$20.00,$0.00,12/31/2025,Goodwill Industries of Southern Arizona
59545810,12/28/2025,251274627,Star Trek Voyager Model 2p,Collectibles,1,$32.51,12/28/2025,12/28/2025,$201.57,397326264094	,$0.00,$0.00,$12.06,$20.00,$0.00,12/31/2025,Goodwill Industries of Southern Arizona
59545810,12/28/2025,251274655,Star Trek Voyager Model 2p,Collectibles,1,$28.00,12/28/2025,12/28/2025,$201.57,397326264094	,$0.00,$0.00,$12.06,$20.00,$0.00,12/31/2025,Goodwill Industries of Southern Arizona
59545910,12/28/2025,251265781,Boxed LEGO Icons Set 10355 Blacktron Renegade,Toys/Dolls/Games > Toys > LEGO,1,$61.00,12/28/2025,12/28/2025,$197.14,887544846103	,$0.00,$0.00,$11.14,$4.00,$0.00,12/31/2025,Goodwill Industries of the Columbia Willamette
59545910,12/28/2025,251267028,"Canon EOS Rebel T3i Digital Camera w/Case, Batteries & Charger *POWERS ON*",Cameras & Camcorders > Digital Cameras,1,$121.00,12/28/2025,12/28/2025,$197.14,887544846103	,$0.00,$0.00,$11.14,$4.00,$0.00,12/31/2025,Goodwill Industries of the Columbia Willamette
59546179,12/28/2025,251061001,Lululemon Black High-Rise Leggings with Subtle Pattern - Women's Size Unknown,Clothing > Women's Clothing > Athletic Apparel,1,$8.99,12/28/2025,12/28/2025,$32.91,483870692600	,$0.00,$0.00,$8.93,$6.00,$0.00,12/31/2025,Goodwill Industries of the Inland Northwest
59546179,12/28/2025,251061105,"Lululemon Women's Pink Athletic Tank Top with Built-in Bra, Size Unknown",Clothing > Women's Clothing > Athletic Apparel,1,$8.99,12/28/2025,12/28/2025,$32.91,483870692600	,$0.00,$0.00,$8.93,$6.00,$0.00,12/31/2025,Goodwill Industries of the Inland Northwest
59546283,12/28/2025,251006881,Sealed Conan Miniature-Based Board Game by Monolith Board Games,Toys/Dolls/Games > Games,1,$61.00,12/27/2025,12/28/2025,$227.37,397246194417	,$0.00,$0.00,$35.14,$18.00,$0.00,12/29/2025,Goodwill of Greater Milwaukee and Chicago
59546283,12/28/2025,251054397,Michael Kors Black Leather Purse w/ Shoulder Strap,Clothing > Women's Clothing > Purses,1,$9.99,12/28/2025,12/28/2025,$227.37,397246194417	,$0.00,$0.00,$35.14,$18.00,$0.00,12/29/2025,Goodwill of Greater Milwaukee and Chicago
59546283,12/28/2025,251059297,Michael Kors Black Leather Handbag W/ Gold -Tone Chain Strap And Logo Handwear,Clothing > Women's Clothing > Purses,1,$9.99,12/28/2025,12/28/2025,$227.37,397246194417	,$0.00,$0.00,$35.14,$18.00,$0.00,12/29/2025,Goodwill of Greater Milwaukee and Chicago
59546283,12/28/2025,251060882,LEGO Super Heroes: Rocket & Baby Groot (76282) New,Toys/Dolls/Games > Toys > LEGO,1,$26.25,12/28/2025,12/28/2025,$227.37,397246194417	,$0.00,$0.00,$35.14,$18.00,$0.00,12/29/2025,Goodwill of Greater Milwaukee and Chicago
59546283,12/28/2025,251062488,Kate Spade Small Black w/ Rainbow Stripes Handbag Purse NWT,Clothing > Women's Clothing > Purses,1,$26.00,12/28/2025,12/28/2025,$227.37,397246194417	,$0.00,$0.00,$35.14,$18.00,$0.00,12/29/2025,Goodwill of Greater Milwaukee and Chicago
59546283,12/28/2025,251064967,LEGO Marvel Spider-Man #76230 Venom 297 Pcs. NEW/SEALED,Toys/Dolls/Games > Toys > LEGO,1,$41.00,12/28/2025,12/28/2025,$227.37,397246194417	,$0.00,$0.00,$35.14,$18.00,$0.00,12/29/2025,Goodwill of Greater Milwaukee and Chicago
59546360,12/28/2025,251061734,Star Wars - Captain Phasma - Voice Changing Mask Toy SEALED,Collectibles,1,$16.00,12/28/2025,12/28/2025,$84.91,397275397705	,$0.00,$0.00,$52.92,$6.00,$0.00,12/30/2025,Goodwill of Greater Milwaukee and Chicago
59546360,12/28/2025,251084282,Star Wars X-Wing Fighter C-2604A,"Collectibles > Action Figures, Maquettes & Mini Busts",1,$9.99,12/28/2025,12/28/2025,$84.91,397275397705	,$0.00,$0.00,$52.92,$6.00,$0.00,12/30/2025,Goodwill of Greater Milwaukee and Chicago
59546422,12/28/2025,250812410,Dr. Martens Joyce HRT Black Leather Shoes with Leopard Print Size 7 US,Clothing > Women's Clothing > Shoes Women's > Size 7,1,$67.00,12/28/2025,12/28/2025,$67.01,397368493931	,$0.00,$0.00,$0.01,$0.00,$0.00,1/2/2026,Goodwill of Orange County
59567695,12/29/2025,251362105,Tanners Avenue Men's Leather Jacket Sz XL,Clothing > Men's Clothing > Shirts,1,$14.99,12/29/2025,12/29/2025,$94.15,397323487518	,$0.00,$0.00,$11.75,$17.45,$0.00,12/31/2025,Goodwill Industries of Ventura and Santa Barbara Counties
59567695,12/29/2025,251363265,Lululemon Women's Grey Leopard Print Sweats,Clothing > Women's Clothing > Pants,1,$14.99,12/29/2025,12/29/2025,$94.15,397323487518	,$0.00,$0.00,$11.75,$17.45,$0.00,12/31/2025,Goodwill Industries of Ventura and Santa Barbara Counties
59567695,12/29/2025,251363331,Lululemon Wunder Under Pant SE Dance Pretty Plume Angel Wing Leggings,Clothing > Women's Clothing > Pants,1,$14.99,12/29/2025,12/29/2025,$94.15,397323487518	,$0.00,$0.00,$11.75,$17.45,$0.00,12/31/2025,Goodwill Industries of Ventura and Santa Barbara Counties
59567695,12/29/2025,251427843,Dr. Martens 1940 Black Leather Women's Boots Size 6 US,Clothing > Women's Clothing > Shoes Women's,1,$13.99,12/28/2025,12/29/2025,$94.15,397323487518	,$0.00,$0.00,$11.75,$17.45,$0.00,12/31/2025,Goodwill Industries of Ventura and Santa Barbara Counties
59567695,12/29/2025,251544264,Doc Marten,Clothing > Men's Clothing > Shoes Men's,1,$5.99,12/29/2025,12/29/2025,$94.15,397323487518	,$0.00,$0.00,$11.75,$17.45,$0.00,12/31/2025,Goodwill Industries of Ventura and Santa Barbara Counties
59568751,12/29/2025,251131964,Sandman Master of Dreams Comic Book Lot - 3 Issues - Good Used Condition,Books > Collections/Sets,1,$38.00,12/29/2025,12/29/2025,$49.05,397442814588	,$0.00,$0.00,$9.05,$2.00,$0.00,1/5/2026,Corbet Rd NCPA Dubois
59568857,12/29/2025,251368936,Canon Eos Rebel T3i Digital Camera W/canon Efs 18-55mm Lens 2pc Set,Cameras & Camcorders > Digital Cameras,1,$153.00,12/29/2025,12/29/2025,$166.19,397441169258	,$0.00,$0.00,$10.20,$2.99,$0.00,1/5/2026,Goodwill of Colorado
59569012,12/29/2025,251267371,Michael Kors Black Leather Boots Size 11 Women,Clothing > Women's Clothing > Shoes Women's > Size 11,1,$14.98,12/29/2025,12/29/2025,$38.13,397325533903	,$0.00,$0.00,$20.16,$2.99,$0.00,12/31/2025,Goodwill of Central & Southern Indiana
59569038,12/29/2025,251269780,"Dr. Martens Addina Platform Mary Jane Shoes - Lavender, UK Size 8",Clothing > Women's Clothing > Shoes Women's > Size 8,1,$62.00,12/29/2025,12/29/2025,$78.56,397350326517	,$0.00,$0.00,$13.57,$2.99,$0.00,1/2/2026,Goodwill of Central & Southern Indiana
59581205,12/30/2025,251364463,2 Boxed LEGO Sets - Speed Champions Lamborghini Countach & Star Wars TIE Fighter,Toys/Dolls/Games > Toys > LEGO,1,$40.08,12/29/2025,1/1/2026,$51.98,496207416718	,$0.00,$0.00,$9.90,$2.00,$0.00,1/9/2026,Goodwill Industries of the Columbia Willamette
59581241,12/30/2025,251171426,Star Wars Jedi Fighter And Slave 1 Spacecraft Set with Mini Figures,Toys/Dolls/Games > Toys,1,$9.99,12/29/2025,12/30/2025,$47.56,397480567231	,$0.00,$0.00,$10.57,$5.00,$0.00,1/6/2026,Goodwill of Orange County
59581241,12/30/2025,251259594,"Abercrombie & Fitch Men's Vegan Leather Jacket - XL, Black",Clothing > Men's Clothing > Outerwear,1,$22.00,12/30/2025,12/30/2025,$47.56,397480567231	,$0.00,$0.00,$10.57,$5.00,$0.00,1/6/2026,Goodwill of Orange County
59589948,12/30/2025,251005658,Black Leather Jacket Usa Air Force,Clothing > Men's Clothing > Outerwear,1,$35.78,12/30/2025,12/30/2025,$114.59,397408293109	,$0.00,$0.00,$10.86,$0.00,$0.00,1/4/2026,Goodwill San Diego and Imperial Counties
59589948,12/30/2025,251019521,Dr. Martens Magdalena Boots Size 10,Clothing > Women's Clothing > Shoes Women's,1,$54.00,12/29/2025,12/30/2025,$114.59,397408293109	,$0.00,$0.00,$10.86,$0.00,$0.00,1/4/2026,Goodwill San Diego and Imperial Counties
59589948,12/30/2025,251175801,Coach Madison Tribeca East West Black Pebbled Leather Bag Purse 14111,Clothing > Women's Clothing > Purses,1,$13.95,12/30/2025,12/30/2025,$114.59,397408293109	,$0.00,$0.00,$10.86,$0.00,$0.00,1/4/2026,Goodwill San Diego and Imperial Counties
59594078,12/30/2025,251062017,Italian Stone Design Genuine Black Leather Jacket By Navarre Leather Co. Size Xl,Clothing > Men's Clothing > Outerwear,1,$37.78,12/30/2025,12/30/2025,$136.59,397500960895	,$0.00,$0.00,$11.81,$0.00,$0.00,1/6/2026,Goodwill San Diego and Imperial Counties
59594078,12/30/2025,251062024,Forever 21 X Hello Kitty and Friends Kuromi Bomber Jacket Black Nylon Size 4x,Clothing,1,$66.00,12/30/2025,12/30/2025,$136.59,397500960895	,$0.00,$0.00,$11.81,$0.00,$0.00,1/6/2026,Goodwill San Diego and Imperial Counties
59594078,12/30/2025,251063325,Women's Kate Spade Purse,Clothing > Women's Clothing > Purses,1,$21.00,12/30/2025,12/30/2025,$136.59,397500960895	,$0.00,$0.00,$11.81,$0.00,$0.00,1/6/2026,Goodwill San Diego and Imperial Counties
59602187,12/31/2025,251064135,Harley Davidson Black/orange Jacket,Transportation > Motorcycle > Apparel,1,$12.95,12/30/2025,12/31/2025,$53.61,397408649960	,$0.00,$0.00,$10.66,$0.00,$0.00,1/4/2026,Goodwill San Diego and Imperial Counties
59602187,12/31/2025,251279268,Disney X Lululemon Black Stainless-steel Mickey Mouse & Lululemon Water Bottle,Collectibles > Hollywood Memorabilia > Disney,1,$30.00,12/30/2025,12/31/2025,$53.61,397408649960	,$0.00,$0.00,$10.66,$0.00,$0.00,1/4/2026,Goodwill San Diego and Imperial Counties
59608256,12/31/2025,251269253,Sonic-themed Miniature Figures and Accessories Set,Toys/Dolls/Games > Toys > LEGO,1,$7.99,12/30/2025,12/31/2025,$51.42,397492673347	,$0.00,$0.00,$9.43,$8.00,$0.00,1/6/2026,Goodwill Industries of Lane & South Coast Counties
59608256,12/31/2025,251354222,Wilsons Leather Black Motorcycle Jacket with Belt,Clothing > Men's Clothing > Outerwear,1,$26.00,12/31/2025,12/31/2025,$51.42,397492673347	,$0.00,$0.00,$9.43,$8.00,$0.00,1/6/2026,Goodwill Industries of Lane & South Coast Counties
59608337,12/31/2025,251580730,"Black Sheer Skull Zadig & Voltaire Sweater Size XS, New W/Tags",Clothing > Women's Clothing > Sweaters,1,$33.00,12/31/2025,12/31/2025,$142.11,397375737276	,$0.00,$0.00,$11.57,$17.45,$0.00,1/2/2026,Goodwill Industries of Ventura and Santa Barbara Counties
59608337,12/31/2025,251597414,lululemon capri pants size 6,Clothing > Women's Clothing > Athletic Apparel,1,$5.99,12/30/2025,12/31/2025,$142.11,397375737276	,$0.00,$0.00,$11.57,$17.45,$0.00,1/2/2026,Goodwill Industries of Ventura and Santa Barbara Counties
59608337,12/31/2025,251645626,LRG Friday the 47th Zip Red Hoodie With Jason Mask Size M,Clothing > Men's Clothing > Sweaters,1,$9.99,12/31/2025,12/31/2025,$142.11,397375737276	,$0.00,$0.00,$11.57,$17.45,$0.00,1/2/2026,Goodwill Industries of Ventura and Santa Barbara Counties
59608337,12/31/2025,251645633,Men's Black Wool Coat Size 38L,Clothing > Men's Clothing > Outerwear,1,$13.11,12/31/2025,12/31/2025,$142.11,397375737276	,$0.00,$0.00,$11.57,$17.45,$0.00,1/2/2026,Goodwill Industries of Ventura and Santa Barbara Counties
59608337,12/31/2025,251649496,Pangolina Handbag S Cyclus,Clothing > Women's Clothing > Purses,1,$51.00,12/31/2025,12/31/2025,$142.11,397375737276	,$0.00,$0.00,$11.57,$17.45,$0.00,1/2/2026,Goodwill Industries of Ventura and Santa Barbara Counties
59608466,12/31/2025,251205558,Neiman Marcus Cashmere Black Cardigan Sweater Women's Size Medium,Clothing > Women's Clothing > Sweaters,1,$49.00,12/29/2025,12/31/2025,$84.53,397342816691	,$0.00,$0.00,$20.54,$6.00,$0.00,1/1/2026,Goodwill of Greater Milwaukee and Chicago
59608466,12/31/2025,251393304,2 Vintage Star Wars Vehicles Star Destroyer and Land Speeder,Collectibles > Star Wars,1,$8.99,12/31/2025,12/31/2025,$84.53,397342816691	,$0.00,$0.00,$20.54,$6.00,$0.00,1/1/2026,Goodwill of Greater Milwaukee and Chicago
59608599,12/31/2025,251222677,Fantasy Game Milton Bradley Battle Masters Hero Quest Board Game,Toys/Dolls/Games > Games,1,$101.00,12/30/2025,12/31/2025,$218.98,887698001679	,$0.00,$0.00,$18.03,$11.97,$0.00,1/7/2026,Goodwill of North Central Wisconsin
59608599,12/31/2025,251360554,Power Rangers Action Figure Megazord Dino Megazord 1993 Plastic,Toys/Dolls/Games > Toys > Vintage,1,$76.99,12/31/2025,12/31/2025,$218.98,887698001679	,$0.00,$0.00,$18.03,$11.97,$0.00,1/7/2026,Goodwill of North Central Wisconsin
59608599,12/31/2025,251537816,Sonic the Hedgehog Crash Course Board Game,Toys/Dolls/Games > Toys,1,$10.99,12/31/2025,12/31/2025,$218.98,887698001679	,$0.00,$0.00,$18.03,$11.97,$0.00,1/7/2026,Goodwill of North Central Wisconsin
59608802,12/31/2025,251274611,The Walking Dead Comic Series Volumes 1-25,Books > Collections/Sets,1,$80.00,12/31/2025,12/31/2025,$136.02,497675170545	,$0.00,$0.00,$0.02,$0.00,$0.00,1/6/2026,Goodwill of the Olympics and Rainier Region
59608802,12/31/2025,251275126,X-Men: The Age of Apocalypse Companion Omnibus,Books > Fiction > Action,1,$56.00,12/31/2025,12/31/2025,$136.02,497675170545	,$0.00,$0.00,$0.02,$0.00,$0.00,1/6/2026,Goodwill of the Olympics and Rainier Region
59612206,12/31/2025,251358812,Uxibal Handmade Black Leather Ankle Boots - Size 7,Clothing > Women's Clothing > Shoes Women's > Size 7,1,$7.99,12/31/2025,12/31/2025,$72.32,397493309325	,$0.00,$0.00,$10.33,$12.00,$0.00,1/6/2026,Goodwill Industries of Lane & South Coast Counties
59612206,12/31/2025,251366502,Bandai Spirits HG DAISYOGRE Plastic Model Kit,Crafts & Hobbies > Models & Model Kits,1,$16.00,12/31/2025,12/31/2025,$72.32,397493309325	,$0.00,$0.00,$10.33,$12.00,$0.00,1/6/2026,Goodwill Industries of Lane & South Coast Counties
59612206,12/31/2025,251366812,"Black Graphic T-Shirt - Tour Design, 21.5 Inches Across Chest",Clothing > Men's Clothing > Shirts,1,$26.00,12/31/2025,12/31/2025,$72.32,397493309325	,$0.00,$0.00,$10.33,$12.00,$0.00,1/6/2026,Goodwill Industries of Lane & South Coast Counties
59612272,12/31/2025,251153891,Women's Dr. Martens Holly Leather Platform Shoes Sze 7,Clothing > Women's Clothing > Shoes Women's,1,$48.00,12/31/2025,12/31/2025,$91.66,397505197447	,$0.00,$0.00,$10.66,$0.00,$0.00,1/6/2026,Goodwill San Diego and Imperial Counties
59612272,12/31/2025,251248121,Slipknot Full Zip Logo Hoodie Men's Size Xl,Clothing > Men's Clothing > Hoodies,1,$33.00,12/31/2025,12/31/2025,$91.66,397505197447	,$0.00,$0.00,$10.66,$0.00,$0.00,1/6/2026,Goodwill San Diego and Imperial Counties
59620803,1/1/2026,251353231,Lego 71360 Nintendo Super Mario Adventures Complete W/ Mario Figure Starter Set,Toys/Dolls/Games > Toys > LEGO,1,$16.10,12/31/2025,1/1/2026,$44.62,397372696160	,$0.00,$0.00,$12.53,$6.00,$0.00,1/2/2026,Goodwill of Greater Milwaukee and Chicago
59620803,1/1/2026,251353259,NEW LEGO Super Heroes Wolverine Mech Armor 76202 & Eternals Aerial Assault 76145,Toys/Dolls/Games > Toys > LEGO,1,$9.99,12/31/2025,1/1/2026,$44.62,397372696160	,$0.00,$0.00,$12.53,$6.00,$0.00,1/2/2026,Goodwill of Greater Milwaukee and Chicago
59629539,1/1/2026,251440830,Lego Star Wars Ahsoka and Clone Trooper Minifigs,Toys/Dolls/Games > Toys > LEGO,1,$35.00,1/1/2026,1/1/2026,$117.21,397536993935	,$0.00,$0.00,$16.23,$8.00,$0.00,1/7/2026,Goodwill of North Georgia
59629539,1/1/2026,251470096,925 Sterling Silver Jewelry 10.2g,Jewelry & Gemstones > Bracelets,1,$29.00,1/1/2026,1/1/2026,$117.21,397536993935	,$0.00,$0.00,$16.23,$8.00,$0.00,1/7/2026,Goodwill of North Georgia
59629539,1/1/2026,251547114,Marvel Thick Back Comic Books,Books > Collections/Sets,1,$9.99,12/31/2025,1/1/2026,$117.21,397536993935	,$0.00,$0.00,$16.23,$8.00,$0.00,1/7/2026,Goodwill of North Georgia
59629539,1/1/2026,251763132,Airbrushing Tool,Tools,1,$18.99,1/1/2026,1/1/2026,$117.21,397536993935	,$0.00,$0.00,$16.23,$8.00,$0.00,1/7/2026,Goodwill of North Georgia
59629613,1/1/2026,251526567,Dr. Martens Adrian Quad Black Leather Platform Loafers Men's 7 Women's 8,Clothing > Women's Clothing > Shoes Women's,1,$52.99,12/31/2025,1/1/2026,$164.26,397635388112	,$0.00,$0.00,$13.32,$14.96,$0.00,1/10/2026,Goodwill of Colorado
59629613,1/1/2026,251571648,Kate Spade New York Womens Purple Cotton Pockets Long Sleeve Pea Coat Size S,Clothing > Women's Clothing > Outerwear,1,$13.00,1/1/2026,1/1/2026,$164.26,397635388112	,$0.00,$0.00,$13.32,$14.96,$0.00,1/10/2026,Goodwill of Colorado
59629613,1/1/2026,251581793,Dolce Vita Black Leather Ankle Boots Women's 7.5m,Clothing > Women's Clothing > Shoes Women's,1,$9.99,1/1/2026,1/1/2026,$164.26,397635388112	,$0.00,$0.00,$13.32,$14.96,$0.00,1/10/2026,Goodwill of Colorado
59629613,1/1/2026,251597873,Coach Gray Signature Jacquard Shoulder Bag Coa,Clothing > Women's Clothing > Purses,1,$60.00,1/1/2026,1/1/2026,$164.26,397635388112	,$0.00,$0.00,$13.32,$14.96,$0.00,1/10/2026,Goodwill of Colorado
59629674,1/1/2026,251600499,Diamond-plate Buffalo Leather Black Leather Coat Mens Size Xl,Clothing > Men's Clothing > Outerwear,1,$9.99,1/1/2026,1/1/2026,$58.76,397642004411	,$0.00,$0.00,$14.81,$11.97,$0.00,1/11/2026,Goodwill of Colorado
59629674,1/1/2026,251604295,Topshop Womens Black Leather Asymmetric Full-zip Biker Motorcycle Jacket Size 6,Clothing > Women's Clothing > Outerwear,1,$12.00,1/1/2026,1/1/2026,$58.76,397642004411	,$0.00,$0.00,$14.81,$11.97,$0.00,1/11/2026,Goodwill of Colorado
59629674,1/1/2026,251605014,Women's Michael Kors Velvet Sweatpants Sz L,Clothing > Women's Clothing > Pants,1,$9.99,1/1/2026,1/1/2026,$58.76,397642004411	,$0.00,$0.00,$14.81,$11.97,$0.00,1/11/2026,Goodwill of Colorado
59631066,1/1/2026,251338685,Women Size 11 Dr. Martens 1461 Amore Leather Oxford Fuchsia Pink W/ Black Heart,Clothing > Women's Clothing > Shoes Women's,1,$41.00,12/31/2025,1/1/2026,$63.12,887571124581	,$0.00,$0.00,$12.13,$0.00,$0.00,1/2/2026,Goodwill Industries of the Southern Rivers
59631066,1/1/2026,251439625,"Men's Nike Air Jordan Why Not Zer0.4 ""Shattered Backboard"" Athletic Shoe Size 10",Clothing > Men's Clothing > Shoes Men's,1,$9.99,1/1/2026,1/1/2026,$63.12,887571124581	,$0.00,$0.00,$12.13,$0.00,$0.00,1/2/2026,Goodwill Industries of the Southern Rivers
59631604,1/1/2026,251277814,Tibor Black Open-front Genuine Leather Trench Coat Size S Men's,Clothing > Men's Clothing,1,$12.95,1/1/2026,1/1/2026,$87.08,397484765295	,$0.00,$0.00,$17.13,$0.00,$0.00,1/6/2026,Goodwill San Diego and Imperial Counties
59631604,1/1/2026,251278037,Dr Martens Air Wair Mary Jane's & Combat Boots Lot of 2 Size 7 Women's,Clothing > Women's Clothing > Shoes Women's,1,$57.00,1/1/2026,1/1/2026,$87.08,397484765295	,$0.00,$0.00,$17.13,$0.00,$0.00,1/6/2026,Goodwill San Diego and Imperial Counties
59631643,1/1/2026,250964385,Michael Kors Branded Women's Black Long Jacket Coat Size Xs,Clothing > Women's Clothing > Outerwear > Size XS,1,$12.95,1/1/2026,1/1/2026,$94.07,397487367620	,$0.00,$0.00,$12.17,$0.00,$0.00,1/6/2026,Goodwill San Diego and Imperial Counties
59631643,1/1/2026,251276075,Tory Burch Emerson Brown Leather Card Wallet,Clothing > Women's Clothing > Purses,1,$12.95,1/1/2026,1/1/2026,$94.07,397487367620	,$0.00,$0.00,$12.17,$0.00,$0.00,1/6/2026,Goodwill San Diego and Imperial Counties
59631643,1/1/2026,251276887,"Amazing Digital Circus, Sonic, Pokemon, Cuphead, Kirby, Freddy's, Etc",Collectibles,1,$56.00,1/1/2026,1/1/2026,$94.07,397487367620	,$0.00,$0.00,$12.17,$0.00,$0.00,1/6/2026,Goodwill San Diego and Imperial Counties
59633243,1/2/2026,251548420,David Cenci Men's Wool Cashmere Blend Dress Pants Brown Size 54,Clothing > Women's Clothing > Pants,1,$10.00,1/2/2026,1/2/2026,$15.00,397429321810	,$0.00,$0.00,$0.01,$4.99,$0.00,1/5/2026,Goodwill Industries of Greater New York and Northern New Jersey
59633341,1/2/2026,251710142,InCashmere Plum Wine Cashmere Poncho/Topper - Size OS,Clothing > Women's Clothing > Sweaters,1,$29.99,1/2/2026,1/2/2026,$33.00,397560563410	,$0.00,$0.00,$0.01,$3.00,$0.00,1/8/2026,Goodwill Industries of Southwestern Michigan
59633454,1/2/2026,247500519,NWT Blue Vineyard Vines Linen Cashmere V-Neck Cardigan Sz M,Clothing > Women's Clothing > Outerwear > Size M,1,$79.99,1/2/2026,1/2/2026,$81.00,397447134045	,$0.00,$0.00,$0.01,$1.00,$0.00,1/5/2026,Goodwill Industries of Middle Georgia
59633462,1/2/2026,251486437,Women's Colorblock Cashmere Sweater - Medium,Clothing > Women's Clothing > Sweaters > Size M,1,$29.98,1/2/2026,1/2/2026,$34.98,397434903839	,$0.00,$0.00,$5.00,$0.00,$0.00,1/5/2026,Goodwill of Central & Southern Indiana
59633482,1/2/2026,251574226,Club Room Women's Black 100% Cashmere 2-Ply Pullover Sweater Size L,Clothing > Women's Clothing > Sweaters > Size L,1,$24.99,1/2/2026,1/2/2026,$28.35,397470352335	,$0.00,$0.00,$0.01,$3.35,$0.00,1/6/2026,Goodwill Industries of Greater Cleveland & East Central Ohio
59639308,1/2/2026,251153403,Trailblazer Winchester Sportswear Pants Men's Brown,Clothing > Men's Clothing > Pants,1,$9.90,1/2/2026,1/2/2026,$9.91,497675180053	,$0.00,$0.00,$0.01,$0.00,$0.00,1/7/2026,Goodwill of the Olympics and Rainier Region
59652030,1/2/2026,251492343,"Lot of 6 Marvel & DC Graphic Novels - Deadpool, X-Men, Guardians, Batman",Books > Collections/Sets,1,$24.97,1/2/2026,1/2/2026,$79.20,497675179196	,$0.00,$0.00,$0.03,$0.00,$0.00,1/7/2026,Goodwill of the Olympics and Rainier Region
59652030,1/2/2026,251503211,"Dr. Martens Holly Black Platform Shoes, Size 7 US (5 UK/38 EU)",Clothing > Women's Clothing > Shoes Women's > Size 7,1,$35.00,1/2/2026,1/2/2026,$79.20,497675179196	,$0.00,$0.00,$0.03,$0.00,$0.00,1/7/2026,Goodwill of the Olympics and Rainier Region
59652030,1/2/2026,251506807,Vintage Hot Wheels Formula Fever Metal Belt Buckle Child Size,Clothing > Men's Clothing > Accessories,1,$19.20,1/2/2026,1/2/2026,$79.20,497675179196	,$0.00,$0.00,$0.03,$0.00,$0.00,1/7/2026,Goodwill of the Olympics and Rainier Region
59652054,1/2/2026,251520152,Brahmin Black & Brown Crocodile Embossed Leather Turn Lock Crossbody Bag Purse,Clothing > Women's Clothing > Accessories,1,$36.99,1/2/2026,1/7/2026,$49.87,397541307659	,$0.00,$0.00,$10.88,$2.00,$0.00,1/7/2026,Goodwill Houston
59652100,1/2/2026,251486537,Canon EOS Rebel T3 12.2 MP & Nikon D50 6.1 MP Cameras,Cameras & Camcorders > Digital Cameras,1,$182.00,1/2/2026,1/4/2026,$193.34,887633559269	,$0.00,$0.00,$11.34,$0.00,$0.00,1/5/2026,Goodwill Industries of the Southern Rivers
59652116,1/2/2026,251475642,Bulk Lot 7lbs Assorted Beyblade Spinning Top Toys Pieces & Parts,Toys/Dolls/Games,1,$19.99,1/2/2026,1/2/2026,$92.36,887632508950	,$0.00,$0.00,$22.72,$0.00,$0.00,1/5/2026,Goodwill Industries of the Southern Rivers
59652116,1/2/2026,251508445,Women SZ 6 Dr. Martens Black Combs Tech Poly Casual Boots,Clothing > Women's Clothing > Shoes Women's,1,$29.66,1/2/2026,1/2/2026,$92.36,887632508950	,$0.00,$0.00,$22.72,$0.00,$0.00,1/5/2026,Goodwill Industries of the Southern Rivers
59652116,1/2/2026,251560003,Death Dealer Tactical Black Military Surplus Backpack - Slight Wear,Collectibles > Military Memorabilia,1,$19.99,1/2/2026,1/2/2026,$92.36,887632508950	,$0.00,$0.00,$22.72,$0.00,$0.00,1/5/2026,Goodwill Industries of the Southern Rivers
59669997,1/3/2026,251565489,Zenith Solid Select Vintage 1889 Train Staples Belt Buckle Medium,Clothing > Belt Buckles,1,$7.99,1/2/2026,1/3/2026,$51.15,397406319246	,$0.00,$0.00,$13.18,$9.00,$0.00,1/4/2026,Goodwill of Greater Milwaukee and Chicago
59669997,1/3/2026,251571468,Michael Kors Beige Brown Purse,Clothing > Women's Clothing > Purses,1,$10.99,1/3/2026,1/3/2026,$51.15,397406319246	,$0.00,$0.00,$13.18,$9.00,$0.00,1/4/2026,Goodwill of Greater Milwaukee and Chicago
59669997,1/3/2026,251604351,Lulu blue mens long sleeve,Clothing > Women's Clothing > Sweaters,1,$9.99,1/3/2026,1/3/2026,$51.15,397406319246	,$0.00,$0.00,$13.18,$9.00,$0.00,1/4/2026,Goodwill of Greater Milwaukee and Chicago
59670020,1/3/2026,251617117,Michael Kors Signature MK Fanny Pack Belt,Clothing > Women's Clothing > Purses,1,$9.99,1/3/2026,1/4/2026,$21.33,397457750689	,$0.00,$0.00,$8.34,$3.00,$0.00,1/5/2026,Evergreen Goodwill
59670037,1/3/2026,251526037,925 Sterling Silver Vintage Mexico Adjustable Belt Buckle Bangle Bracelet 15.68g,Jewelry & Gemstones > Bracelets,1,$40.00,1/2/2026,1/3/2026,$81.19,397460689340	,$0.00,$0.00,$10.20,$5.00,$0.00,1/5/2026,Goodwill of Central & Northern Arizona
59670037,1/3/2026,251615690,Disney Collectors Pins,Jewelry & Gemstones > Brooches/Pins,1,$25.99,1/3/2026,1/3/2026,$81.19,397460689340	,$0.00,$0.00,$10.20,$5.00,$0.00,1/5/2026,Goodwill of Central & Northern Arizona
59670057,1/3/2026,251907738,Authentic Valentino Womens Brown Printed Adjustable Strap Crossbody Bag,Clothing > Women's Clothing > Purses,1,$53.00,1/2/2026,1/6/2026,$70.24,397499407595	,$0.00,$0.00,$12.24,$5.00,$0.00,1/6/2026,Goodwill Industries of South Florida
59678692,1/4/2026,251299629,Women's Anthropologie Purple Size S Faux Suede Trench Coat,Clothing > Women's Clothing > Outerwear > Size S,1,$24.99,1/4/2026,1/4/2026,$25.00,496194640791	,$0.00,$0.00,$0.01,$0.00,$0.00,1/5/2026,Goodwill Industries of the Columbia Willamette
59686884,1/4/2026,251734985,Calvin Klein light blue wool-cashmere blend peacoat Women's size S,Clothing > Women's Clothing,1,$9.99,1/3/2026,1/4/2026,$108.51,397604917106	,$0.00,$0.00,$12.53,$10.00,$0.00,1/9/2026,Easterseals-Goodwill Northern Rocky Mountain -SLC
59686884,1/4/2026,251841002,Silver Cloud Black Cashmere Blend Woven in Italy Trenchcoat - size (S/42),Clothing > Women's Clothing > Outerwear > Size S,1,$26.00,1/4/2026,1/4/2026,$108.51,397604917106	,$0.00,$0.00,$12.53,$10.00,$0.00,1/9/2026,Easterseals-Goodwill Northern Rocky Mountain -SLC
59686884,1/4/2026,251854857,Vintage 1967 U.S. Military Army Man's Overcoat Cotton Satten OG-107 Small Long,Collectibles > Military Memorabilia > Uniforms,1,$9.99,1/4/2026,1/4/2026,$108.51,397604917106	,$0.00,$0.00,$12.53,$10.00,$0.00,1/9/2026,Easterseals-Goodwill Northern Rocky Mountain -SLC
59686884,1/4/2026,251864293,Levi Strauss & Co Size Small Vintage Button-Up Denim Trucker Jacket,Clothing,1,$21.00,1/4/2026,1/4/2026,$108.51,397604917106	,$0.00,$0.00,$12.53,$10.00,$0.00,1/9/2026,Easterseals-Goodwill Northern Rocky Mountain -SLC
59686884,1/4/2026,251867242,Sublime/AC/DC/Sheryl Crow Men's Large: Band/Music Tour T-Shirts (Lot of 3),Clothing > Men's Clothing > Shirts > Size L,1,$19.00,1/4/2026,1/4/2026,$108.51,397604917106	,$0.00,$0.00,$12.53,$10.00,$0.00,1/9/2026,Easterseals-Goodwill Northern Rocky Mountain -SLC
59686898,1/4/2026,252066297,Authentic Gucci Women's Black Leather Knee High Riding Boots Size 8,Clothing > Women's Clothing > Shoes Women's,1,$152.00,1/4/2026,1/4/2026,$157.00,397523865612	,$0.00,$0.00,$0.01,$4.99,$0.00,1/7/2026,"Goodwill Industries of Northwest North Carolina, Inc."
59686972,1/4/2026,251550442,My Little Pony Figure Lot Pinkie Pie Twilight Sparkle Brush Accessories Set,Toys/Dolls/Games > Dolls > Modern,1,$11.99,1/2/2026,1/4/2026,$48.26,887825209377	,$0.00,$0.00,$17.30,$7.98,$0.00,1/12/2026,Goodwill of North Central Wisconsin
59686972,1/4/2026,251898548,Brownwood Sweater US Navy Sailor Jumper Vietnam Era 42R Wool,Clothing > Men's Clothing > Outerwear,1,$10.99,1/4/2026,1/4/2026,$48.26,887825209377	,$0.00,$0.00,$17.30,$7.98,$0.00,1/12/2026,Goodwill of North Central Wisconsin
59687008,1/4/2026,251752952,Michael Kors Women's Ruby Red Wool Fleece Tie Belt Pea Coat - Sz 2,Clothing > Women's Clothing > Outerwear > Size 2,1,$7.99,1/3/2026,1/7/2026,$23.06,9434636208303362623687	,$0.00,$0.00,$12.08,$2.99,$0.00,1/10/2026,Goodwill-Easter Seals MN
59687034,1/4/2026,251710005,Authentic Mario Valentino Red Leather Flats Womens Size 8 IOB,Clothing > Women's Clothing > Shoes Women's > Size 8,1,$80.99,1/3/2026,1/4/2026,$96.77,397495145353	,$0.00,$0.00,$12.79,$2.99,$0.00,1/6/2026,Goodwill of Central & Southern Indiana
59712990,1/6/2026,251525234,Bergamot Brass Works Schlitz Light Beer Special Lager Belt Buckle 123.5g,Clothing > Belt Buckles,1,$9.99,1/2/2026,1/6/2026,$89.08,397707946159	,$0.00,$0.00,$17.12,$10.00,$0.00,1/13/2026,Goodwill of North Georgia
59712990,1/6/2026,251678421,Wilsons Leather Black Bomber Jacket Men's XL (Shows Wear),Clothing > Men's Clothing > Outerwear,1,$9.99,1/5/2026,1/6/2026,$89.08,397707946159	,$0.00,$0.00,$17.12,$10.00,$0.00,1/13/2026,Goodwill of North Georgia
59712990,1/6/2026,251678431,$144 NWT Calvin Klien Pearl Trimmed Women's Black Sheath Dress Sz 14 Shows Wear,Clothing > Women's Clothing > Dresses,1,$11.00,1/5/2026,1/6/2026,$89.08,397707946159	,$0.00,$0.00,$17.12,$10.00,$0.00,1/13/2026,Goodwill of North Georgia
59712990,1/6/2026,251730148,Pour La Victoire Black Leather Boots Women's 6 (minor wear),Clothing > Women's Clothing > Shoes Women's,1,$20.99,1/5/2026,1/6/2026,$89.08,397707946159	,$0.00,$0.00,$17.12,$10.00,$0.00,1/13/2026,Goodwill of North Georgia
59712990,1/6/2026,252134843,Super Smash Bros. Donkey Kong amiibo,Collectibles > Figurines,1,$9.99,1/5/2026,1/6/2026,$89.08,397707946159	,$0.00,$0.00,$17.12,$10.00,$0.00,1/13/2026,Goodwill of North Georgia
59713050,1/6/2026,251721336,Valentino Studded Leather Flats - 39,Clothing > Women's Clothing > Shoes Women's,1,$180.00,1/5/2026,1/6/2026,$180.01,397493003616	,$0.00,$0.00,$0.01,$0.00,$0.00,1/6/2026,Goodwill Keystone Area - Reading
59713087,1/6/2026,251522266,Brahmin Mojito Melbourne Black And Brown Croc Embossed Leather Crossbody Bag,Clothing > Women's Clothing > Purses,1,$31.00,1/2/2026,1/6/2026,$43.88,397620087825	,$0.00,$0.00,$10.88,$2.00,$0.00,1/9/2026,Goodwill of Southwestern Pennsylvania
59713365,1/6/2026,251725631,Vintage Time Life Books The Old West Series Set of 16 Padded Leather Covers,Books > Antique/Collectible,1,$39.97,1/5/2026,1/6/2026,$45.19,397584915200	,$0.00,$0.00,$0.01,$5.21,$0.00,1/8/2026,Goodwill - West Texas
59714745,1/6/2026,251711428,Authentic Prada Black Leather Toblach Loafers Mens Size 11,Clothing > Men's Clothing > Shoes Men's > Size 11,1,$46.00,1/5/2026,1/6/2026,$60.78,397574734530	,$0.00,$0.00,$11.79,$2.99,$0.00,1/8/2026,Goodwill of Central & Southern Indiana
59715010,1/6/2026,251751153,Minecraft Woodsword Chronicles Hardcover Set Volumes 1-4,Books,1,$12.95,1/5/2026,1/6/2026,$22.83,397544100224	,$0.00,$0.00,$9.88,$0.00,$0.00,1/7/2026,Goodwill San Diego and Imperial Counties
59715813,1/6/2026,251835179,Authenticated Oscar De La Renta Women's Multicolor Long Robe Dress Size L,Clothing > Women's Clothing > Dresses,1,$68.00,1/4/2026,1/6/2026,$81.38,397536742295	,$0.00,$0.00,$9.88,$3.50,$0.00,1/7/2026,Goodwill of Western and Northern Connecticut
59716092,1/6/2026,249839062,Wolverine Men's Leather Monk Strap Dress Shoes - Size US 8.5,Clothing > Men's Clothing > Shoes Men's > Size 8.5,1,$14.90,1/6/2026,1/6/2026,$14.91,497675208152	,$0.00,$0.00,$0.01,$0.00,$0.00,1/12/2026,Goodwill of the Olympics and Rainier Region
59725958,1/6/2026,251733383,Harley-Davidson Black Leather Jacket with Embroidered Logo - Size L,Clothing > Women's Clothing > Outerwear,1,$61.00,1/5/2026,1/6/2026,$154.73,397618301508	,$0.00,$0.00,$10.74,$16.00,$0.00,1/9/2026,Goodwill Industries of Lane & South Coast Counties
59725958,1/6/2026,251821771,Outback Collection Cotton Duster Coat - Size XL,Clothing > Men's Clothing > Outerwear,1,$51.01,1/6/2026,1/6/2026,$154.73,397618301508	,$0.00,$0.00,$10.74,$16.00,$0.00,1/9/2026,Goodwill Industries of Lane & South Coast Counties
59725958,1/6/2026,251864750,"Virany Men's Genuine Leather Jacket, Made in Italy, Size 44",Clothing > Men's Clothing > Outerwear,1,$7.99,1/6/2026,1/6/2026,$154.73,397618301508	,$0.00,$0.00,$10.74,$16.00,$0.00,1/9/2026,Goodwill Industries of Lane & South Coast Counties
59725958,1/6/2026,251870206,G.I. Joe Action Figures and Accessories Set - Military and Sci-Fi Theme,Toys/Dolls/Games > Toys,1,$7.99,1/6/2026,1/6/2026,$154.73,397618301508	,$0.00,$0.00,$10.74,$16.00,$0.00,1/9/2026,Goodwill Industries of Lane & South Coast Counties
59726070,1/6/2026,251637886,Andrew Fezza Men's Black Size 2XL Cashmere Blend Overcoat,Clothing > Men's Clothing > Outerwear > Size XXL,1,$14.99,1/4/2026,1/6/2026,$56.96,426394585418	,$0.00,$0.00,$11.98,$0.00,$0.00,3/13/2026,Goodwill Industries of the Columbia Willamette
59726070,1/6/2026,251816587,Michael Kors Women's Black Size 9M Bryce Tall Riding Boots,Clothing > Women's Clothing > Shoes Women's > Size 9,1,$29.99,1/6/2026,1/6/2026,$56.96,426394585418	,$0.00,$0.00,$11.98,$0.00,$0.00,3/13/2026,Goodwill Industries of the Columbia Willamette
59726143,1/6/2026,251855371,Anthropologie Women's Yellow Size XL V-Neck T-Shirt,Clothing > Women's Clothing > Shirts/Blouses > Size XL,1,$14.99,1/6/2026,1/6/2026,$62.94,496194642989	,$0.00,$0.00,$17.97,$0.00,$0.00,1/8/2026,Goodwill Industries of the Columbia Willamette
59726143,1/6/2026,251863082,Sk*YR Women's Gray & Black Size L Sweater,Clothing > Women's Clothing > Sweaters > Size L,1,$14.99,1/6/2026,1/6/2026,$62.94,496194642989	,$0.00,$0.00,$17.97,$0.00,$0.00,1/8/2026,Goodwill Industries of the Columbia Willamette
59726143,1/6/2026,251863124,Marc Jacobs Women's Black Size Large Tote Bag,Clothing > Women's Clothing > Purses,1,$14.99,1/6/2026,1/6/2026,$62.94,496194642989	,$0.00,$0.00,$17.97,$0.00,$0.00,1/8/2026,Goodwill Industries of the Columbia Willamette
59726204,1/6/2026,251196746,Women's Topshop Black Lined Jacket Size 4-6 Petite,Clothing > Women's Clothing > Outerwear,1,$7.99,1/6/2026,1/7/2026,$93.98,397747242950	,$0.00,$0.00,$5.00,$5.99,$0.00,1/14/2026,Goodwill Industries of the Southern Piedmont
59726204,1/6/2026,251912443,Authenticated Men's Prada 2E2763 Black Dress Loafers Size 9.5,Clothing > Men's Clothing > Shoes Men's,1,$75.00,1/4/2026,1/7/2026,$93.98,397747242950	,$0.00,$0.00,$5.00,$5.99,$0.00,1/14/2026,Goodwill Industries of the Southern Piedmont
59736176,1/7/2026,252082611,Star Wars 23 Book Lot Jedi Apprentice Jedi Quest Boba Fett Scholastic Books,Collectibles > Star Wars,1,$44.51,1/6/2026,1/7/2026,$60.54,397580605320	,$0.00,$0.00,$12.53,$3.50,$0.00,1/8/2026,Goodwill Columbus
59736190,1/7/2026,251847620,Valentino Garavani Patent Leather Bow Peep -Toe Beige Pump Size 39.5,Clothing > Women's Clothing > Shoes Women's,1,$44.55,1/6/2026,1/7/2026,$99.98,397609121635	,$0.00,$0.00,$12.43,$5.00,$0.00,1/9/2026,Goodwill of Central & Northern Arizona
59736190,1/7/2026,251848275,Burberry Blue Blazer Size 56R & Slacks 40R Set,Clothing > Men's Clothing > Suits,1,$38.00,1/6/2026,1/7/2026,$99.98,397609121635	,$0.00,$0.00,$12.43,$5.00,$0.00,1/9/2026,Goodwill of Central & Northern Arizona
59736209,1/7/2026,251646127,Levi's 502 Brown Corduroy Pants Size 33x32,Clothing > Men's Clothing > Pants,1,$25.99,1/2/2026,1/7/2026,$97.49,397546997379	,$0.00,$0.00,$15.53,$15.00,$0.00,1/7/2026,Goodwill of Southern Los Angeles County
59736209,1/7/2026,252013676,Armani Collezioni Navy Blue Suit Jacket - Size 38,Clothing > Men's Clothing > Suits,1,$15.99,1/6/2026,1/7/2026,$97.49,397546997379	,$0.00,$0.00,$15.53,$15.00,$0.00,1/7/2026,Goodwill of Southern Los Angeles County
59736209,1/7/2026,252041256,Tommy Hilfiger Multi-Color Fringed Cape Shawl - Size (OS) One Size,Clothing > Women's Clothing > Outerwear,1,$13.99,1/6/2026,1/7/2026,$97.49,397546997379	,$0.00,$0.00,$15.53,$15.00,$0.00,1/7/2026,Goodwill of Southern Los Angeles County
59736209,1/7/2026,252054688,Authenticated Michael Kors Satchel/Top Handle Bag,Clothing > Women's Clothing > Purses,1,$10.99,1/6/2026,1/7/2026,$97.49,397546997379	,$0.00,$0.00,$15.53,$15.00,$0.00,1/7/2026,Goodwill of Southern Los Angeles County
59736286,1/7/2026,251853138,Mixed Lot Of The Littlest Pet Shop Toys,"Collectibles > Action Figures, Maquettes & Mini Busts",1,$131.00,1/6/2026,1/7/2026,$145.10,9434636208367275101076	,$0.00,$0.00,$11.10,$3.00,$0.00,1/7/2026,Goodwill of Greater Milwaukee and Chicago
59736312,1/7/2026,251861442,Joseph & Feiss International Cashmere Blend Trench Coat - Woven in Italy,Clothing > Men's Clothing > Outerwear,1,$26.00,1/6/2026,1/7/2026,$38.77,397576563270	,$0.00,$0.00,$9.77,$3.00,$0.00,1/8/2026,Goodwill Industries of the Redwood Empire
59737228,1/7/2026,252199448,14pc. Star Wars Novels Grab Bag Includes Inferno/Tempest/Bloodlines,Collectibles > Star Wars,1,$10.50,1/7/2026,1/7/2026,$22.74,397573476680	,$0.00,$0.00,$12.24,$0.00,$0.00,1/8/2026,"Goodwill Industries-Knoxville, Inc."
59744872,1/7/2026,251858503,Vintage Style Unbranded Hand Made Custom Black Denim Duster,Clothing > Men's Clothing > Shirts,1,$30.99,1/6/2026,1/7/2026,$202.91,397574288283	,$0.00,$0.00,$10.97,$26.96,$0.00,1/8/2026,Goodwill Industries of Ventura and Santa Barbara Counties
59744872,1/7/2026,252113743,Prada Heels Size 39.5 w/COA,Clothing > Women's Clothing > Shoes Women's,1,$71.00,1/7/2026,1/7/2026,$202.91,397574288283	,$0.00,$0.00,$10.97,$26.96,$0.00,1/8/2026,Goodwill Industries of Ventura and Santa Barbara Counties
59744872,1/7/2026,252113905,Prada Men's Dress Shoes Size 38 w/COA,Clothing > Men's Clothing > Shoes Men's,1,$57.00,1/7/2026,1/7/2026,$202.91,397574288283	,$0.00,$0.00,$10.97,$26.96,$0.00,1/8/2026,Goodwill Industries of Ventura and Santa Barbara Counties
59744872,1/7/2026,252215782,Paige Black Corduroy Jeans Women's Size 24,Clothing > Women's Clothing > Pants,1,$5.99,1/7/2026,1/7/2026,$202.91,397574288283	,$0.00,$0.00,$10.97,$26.96,$0.00,1/8/2026,Goodwill Industries of Ventura and Santa Barbara Counties
59750604,1/7/2026,251773250,Prada Brown Brogue Leather Low Heel Dress Shoe M 9,Clothing > Men's Clothing > Shoes Men's,1,$59.00,1/5/2026,1/7/2026,$121.60,397579059489	,$0.00,$0.00,$14.62,$10.00,$0.00,1/8/2026,Goodwill Southern California
59750604,1/7/2026,252191401,Valentina Crossbody Purse,Clothing > Women's Clothing > Purses,1,$7.99,1/7/2026,1/7/2026,$121.60,397579059489	,$0.00,$0.00,$14.62,$10.00,$0.00,1/8/2026,Goodwill Southern California
59750604,1/7/2026,252192605,D&G Blue Casual Dress - Size Large,Clothing > Women's Clothing > Shirts/Blouses,1,$29.99,1/7/2026,1/7/2026,$121.60,397579059489	,$0.00,$0.00,$14.62,$10.00,$0.00,1/8/2026,Goodwill Southern California
59750657,1/7/2026,251930672,DR. Martens Boots US 4M,Clothing > Women's Clothing > Shoes Women's,1,$14.99,1/7/2026,1/7/2026,$122.21,397573385692	,$0.00,$0.00,$10.74,$13.48,$0.00,1/8/2026,Goodwill Industries of Ventura and Santa Barbara Counties
59750657,1/7/2026,252111677,DOLCE & GABBANA Men's Shoes Size 39 w/COA,Clothing > Men's Clothing > Shoes Men's,1,$83.00,1/7/2026,1/7/2026,$122.21,397573385692	,$0.00,$0.00,$10.74,$13.48,$0.00,1/8/2026,Goodwill Industries of Ventura and Santa Barbara Counties
59750827,1/7/2026,251912405,Authentic Manolo Blahnik Strap Sandals - 39,Clothing > Women's Clothing > Shoes Women's,1,$99.99,1/7/2026,1/7/2026,$100.00,397612716786	,$0.00,$0.00,$0.01,$0.00,$0.00,1/9/2026,Goodwill Keystone Area - Reading
59750864,1/7/2026,252139573,LEGO 75295 Star Wars Toy Lot X-Wing Ships Figures Grogu Stormtrooper Plush,Collectibles > Star Wars,1,$72.85,1/7/2026,1/7/2026,$95.54,397706878854	,$0.00,$0.00,$19.34,$3.35,$0.00,1/13/2026,Goodwill Industries of Greater Cleveland & East Central Ohio
59750907,1/7/2026,251961452,Paul Fredrick Italian Leather Double Monk Strap Cap Toe Shoes Size 10,Clothing > Men's Clothing > Shoes Men's > Size 10,1,$14.99,1/7/2026,1/7/2026,$27.87,397577554834	,$0.00,$0.00,$10.88,$2.00,$0.00,1/8/2026,Rappahannock Goodwill Industries Inc.
59760403,1/8/2026,251954777,Wool and Cashmere Black Hooded 1 Button Jacket - no size,Clothing > Women's Clothing > Outerwear,1,$32.01,1/7/2026,1/8/2026,$44.80,397721927488	,$0.00,$0.00,$8.80,$3.99,$0.00,1/13/2026,Southern Oregon Goodwill Industries
59771567,1/8/2026,252029828,"Vintage Sterling Silver Onyx & Turquoise Inlay Cat 1"" Pendant 16"" Necklace 5.79g",Jewelry & Gemstones > Necklaces,1,$33.00,1/8/2026,1/8/2026,$73.73,887832647602	,$0.00,$0.00,$10.74,$5.00,$0.00,1/12/2026,Goodwill of Central Iowa
59771567,1/8/2026,252075106,NWT Lauren Ralph Lauren Lancaster White/Black Suit Coat Men's Size 42 Short,Clothing > Men's Clothing > Suits,1,$24.99,1/7/2026,1/8/2026,$73.73,887832647602	,$0.00,$0.00,$10.74,$5.00,$0.00,1/12/2026,Goodwill of Central Iowa
59777240,1/9/2026,250122028,NWT Joe's Women's Dark Bue Skinny Jean - Sz 34,Clothing > Women's Clothing > Jeans,1,$14.99,1/9/2026,1/9/2026,$17.99,9434636208303363620500	,$0.00,$0.00,$0.01,$2.99,$0.00,1/13/2026,Goodwill-Easter Seals MN
59777297,1/9/2026,251421420,Spanx Women's Black Pants - Sz L,Clothing > Women's Clothing > Pants,1,$4.99,1/9/2026,1/9/2026,$20.06,9400136208303441800747	,$0.00,$0.00,$12.08,$2.99,$0.00,1/13/2026,Goodwill-Easter Seals MN
59778503,1/9/2026,251076849,Hammer Made Men's NWT Black Stretchy Collared T-shirt - Sz M,Clothing > Men's Clothing > Shirts > Size M,1,$14.99,1/9/2026,1/9/2026,$17.99,9400136208303440740655	,$0.00,$0.00,$0.01,$2.99,$0.00,1/12/2026,Goodwill-Easter Seals MN
59790947,1/9/2026,252161510,Star Wars Vehicles Plush LEGO BrickHeadz Action Figure Mixed Condition,Collectibles > Star Wars,1,$47.00,1/8/2026,1/9/2026,$96.47,490354737184	,$0.00,$0.00,$21.66,$8.00,$0.00,1/15/2026,Goodwill Industries of San Antonio
59790947,1/9/2026,252198910,Spawn Ultra Action Figures Chapel Angela She-Spawn Widow Maker,"Collectibles > Action Figures, Maquettes & Mini Busts",1,$19.81,1/9/2026,1/9/2026,$96.47,490354737184	,$0.00,$0.00,$21.66,$8.00,$0.00,1/15/2026,Goodwill Industries of San Antonio
59790955,1/9/2026,252198482,Dr. Martens Women Blaire Leather Buckle Sandal SZ US 9-10,Clothing > Women's Clothing > Shoes Women's,1,$24.00,1/9/2026,1/9/2026,$40.53,490354736784	,$0.00,$0.00,$12.53,$4.00,$0.00,1/15/2026,Goodwill Industries of San Antonio
59790967,1/9/2026,252097524,Sterling Silver Brooch / Pin Jewelry Lot | 21g,Jewelry & Gemstones > Brooches/Pins,1,$25.71,1/9/2026,1/9/2026,$58.20,887879490855	,$0.00,$0.00,$10.50,$5.00,$0.00,1/13/2026,Goodwill of Central Iowa
59790967,1/9/2026,252212246,Massimo Alba Maroon Striped Pocket T-Shirt Men's Size XXL,Clothing > Men's Clothing > Shirts,1,$16.99,1/9/2026,1/9/2026,$58.20,887879490855	,$0.00,$0.00,$10.50,$5.00,$0.00,1/13/2026,Goodwill of Central Iowa
59796659,1/10/2026,250833311,Authentic Burberry Women's Black Pure Cashmere Double Breasted Pea Coat - Sz 8,Clothing > Women's Clothing > Outerwear > Size 8,1,$302.00,1/8/2026,1/10/2026,$638.70,397802392737	,$0.00,$0.00,$26.84,$38.87,$0.00,1/15/2026,Goodwill-Easter Seals MN
59796659,1/10/2026,252065590,NWT WHBM Women's Black/Pink Embroidered Floral Bell Sleeve Shift Dress - Sz 10,Clothing > Women's Clothing > Dresses > Size 10,1,$24.99,1/9/2026,1/10/2026,$638.70,397802392737	,$0.00,$0.00,$26.84,$38.87,$0.00,1/15/2026,Goodwill-Easter Seals MN
59796659,1/10/2026,252074987,NWT Banana Republic Women's White/Navy Stripe Trouser Pant - Sz 2,Clothing > Women's Clothing > Pants > Size 2,1,$24.99,1/9/2026,1/10/2026,$638.70,397802392737	,$0.00,$0.00,$26.84,$38.87,$0.00,1/15/2026,Goodwill-Easter Seals MN
59796659,1/10/2026,252083584,Lot of 9 Love Your Melon Cuffed Knit Wool Beanies/Hats,Clothing > Men's Clothing > Hats,1,$26.00,1/9/2026,1/10/2026,$638.70,397802392737	,$0.00,$0.00,$26.84,$38.87,$0.00,1/15/2026,Goodwill-Easter Seals MN
59796659,1/10/2026,252094769,NWT Karl Lagerfeld Women's Powder Blue Open Knit Cardigan - Sz M,Clothing > Women's Clothing > Sweaters > Size M,1,$14.99,1/9/2026,1/10/2026,$638.70,397802392737	,$0.00,$0.00,$26.84,$38.87,$0.00,1/15/2026,Goodwill-Easter Seals MN
59796659,1/10/2026,252096865,NBA Men's White/Green Seattle Supersonics Allen #34 Basketball Jersey - Sz 2X,Clothing > Men's Clothing > Athletic Apparel,1,$23.00,1/9/2026,1/10/2026,$638.70,397802392737	,$0.00,$0.00,$26.84,$38.87,$0.00,1/15/2026,Goodwill-Easter Seals MN
59796659,1/10/2026,252097945,Filson Men's Charcoal Grey Snap Front winter vest - Sz XXL,Clothing > Men's Clothing > Vests > Size XXL,1,$72.05,1/9/2026,1/10/2026,$638.70,397802392737	,$0.00,$0.00,$26.84,$38.87,$0.00,1/15/2026,Goodwill-Easter Seals MN
59796659,1/10/2026,252103718,.925 Vtg Silpada Black Onyx Filigree Scroll Ring #R1096 size 5 1/2 15.26g,Jewelry & Gemstones > Rings,1,$21.00,1/9/2026,1/10/2026,$638.70,397802392737	,$0.00,$0.00,$26.84,$38.87,$0.00,1/15/2026,Goodwill-Easter Seals MN
59796659,1/10/2026,252104676,NBA Washington Wizards #0 ARENAS Men's Gold/White Jersey - Sz 48,Clothing > Men's Clothing > Shirts,1,$14.99,1/9/2026,1/10/2026,$638.70,397802392737	,$0.00,$0.00,$26.84,$38.87,$0.00,1/15/2026,Goodwill-Easter Seals MN
59796659,1/10/2026,252139956,Lululemon black Black Lightweight Full zip Windbreaker jacket - No sz,Clothing > Women's Clothing > Outerwear,1,$13.00,1/9/2026,1/10/2026,$638.70,397802392737	,$0.00,$0.00,$26.84,$38.87,$0.00,1/15/2026,Goodwill-Easter Seals MN
59796659,1/10/2026,252209591,Spanx Women's Black Shiny Faux Leather Leggings - Sz S,Clothing > Women's Clothing > Pants > Size S,1,$7.99,1/9/2026,1/10/2026,$638.70,397802392737	,$0.00,$0.00,$26.84,$38.87,$0.00,1/15/2026,Goodwill-Easter Seals MN
59796659,1/10/2026,252209786,Nike Women's Air Max Tailwind 7 White/Green/Blue Mesh Sneakers Sz 8,Clothing > Women's Clothing > Shoes Women's > Size 8,1,$13.00,1/9/2026,1/10/2026,$638.70,397802392737	,$0.00,$0.00,$26.84,$38.87,$0.00,1/15/2026,Goodwill-Easter Seals MN
59796659,1/10/2026,252211995,Dr. Martens Unisex 1460 Iced Black Leather Oxfords Sz 8M 9W,Clothing > Men's Clothing > Shoes Men's > Size 8,1,$14.99,1/9/2026,1/10/2026,$638.70,397802392737	,$0.00,$0.00,$26.84,$38.87,$0.00,1/15/2026,Goodwill-Easter Seals MN
59806316,1/10/2026,247862879,"Star Wars Collectibles Lot: Pez, Mad Libs & More",Collectibles > Star Wars,1,$24.99,1/10/2026,1/10/2026,$25.00,496207420570	,$0.00,$0.00,$0.01,$0.00,$0.00,3/13/2026,Goodwill Industries of the Columbia Willamette
59806378,1/10/2026,248531687,"5+ Lb. Star Wars - DK Books, Action Figures, Plushie, Imperial Star Destroyer +",Collectibles > Star Wars,1,$24.99,1/10/2026,1/10/2026,$25.00,496207420905	,$0.00,$0.00,$0.01,$0.00,$0.00,3/13/2026,Goodwill Industries of the Columbia Willamette
59806544,1/10/2026,251071123,Disney Star Wars Galactic Heroes Millennium Falcon & Action Figures IOB,Collectibles > Star Wars,1,$24.99,1/10/2026,1/10/2026,$25.00,441475627264	,$0.00,$0.00,$0.01,$0.00,$0.00,1/12/2026,Goodwill Industries of the Columbia Willamette
59806611,1/10/2026,251428859,"Lot Of Mixed Star Wars Action Figures - Yoda, Holiday C-3PO,  More",Collectibles > Star Wars,1,$24.99,1/10/2026,1/10/2026,$25.00,496207420879	,$0.00,$0.00,$0.01,$0.00,$0.00,3/13/2026,Goodwill Industries of the Columbia Willamette
59826086,1/12/2026,252009625,Bloomingdale's Women's 2X Cable Knit 100% Cashmere Cardigan,Clothing > Women's Clothing > Sweaters > Size 2X,1,$67.00,1/9/2026,1/12/2026,$67.01,501247541800	,$0.00,$0.00,$0.01,$0.00,$0.00,1/15/2026,Goodwill of the Olympics and Rainier Region
59826109,1/12/2026,252213941,Merrell Men's Moab 3 Low Brown Olive Trail Shoes Sz 10.5,Clothing > Men's Clothing > Shoes Men's > Size 10.5,1,$9.99,1/9/2026,1/12/2026,$91.26,397797583128	,$0.00,$0.00,$16.36,$14.95,$0.00,1/15/2026,Goodwill-Easter Seals MN
59826109,1/12/2026,252214001,Adidas Women's Gazelle Bold Black Suede Platform Sneakers Sz 10,Clothing > Women's Clothing > Shoes Women's > Size 10,1,$14.99,1/9/2026,1/12/2026,$91.26,397797583128	,$0.00,$0.00,$16.36,$14.95,$0.00,1/15/2026,Goodwill-Easter Seals MN
59826109,1/12/2026,252220480,Nike Dunk High Premium Women's Pink Leather Sneaker Athletic Shoe 7.5,Clothing > Women's Clothing > Shoes Women's > Size 7.5,1,$9.99,1/9/2026,1/12/2026,$91.26,397797583128	,$0.00,$0.00,$16.36,$14.95,$0.00,1/15/2026,Goodwill-Easter Seals MN
59826109,1/12/2026,252220482,Nike Women's Classic Cortez Purple Nylon Sneaker Athletic Shoe 8,Clothing > Women's Clothing > Shoes Women's > Size 8,1,$9.99,1/9/2026,1/12/2026,$91.26,397797583128	,$0.00,$0.00,$16.36,$14.95,$0.00,1/15/2026,Goodwill-Easter Seals MN
59826109,1/12/2026,252220519,Nike Men's LeBron 10+ Sport Pack 'Pressure' Black/Red Synthetic Sneakers Sz 13,Clothing > Men's Clothing > Shoes Men's > Size 13,1,$14.99,1/9/2026,1/12/2026,$91.26,397797583128	,$0.00,$0.00,$16.36,$14.95,$0.00,1/15/2026,Goodwill-Easter Seals MN
59832797,1/12/2026,252159712,2004 Hasbro Star Wars Millennium Falcon Playset Works,Toys/Dolls/Games > Toys,1,$17.50,1/10/2026,1/12/2026,$70.29,441366702542	,$0.00,$0.00,$12.29,$9.00,$0.00,1/16/2026,Goodwill Industries of the Inland Northwest
59832797,1/12/2026,252284385,Dolce Vita Women's White Lace-Up Sneakers - Size 9.5,Clothing > Women's Clothing > Shoes Women's,1,$8.99,1/12/2026,1/12/2026,$70.29,441366702542	,$0.00,$0.00,$12.29,$9.00,$0.00,1/16/2026,Goodwill Industries of the Inland Northwest
59832797,1/12/2026,252311862,Men's Tultex Judas Priest Black Band T-Shirt Size N/A,Clothing > Men's Clothing > Shirts,1,$12.51,1/12/2026,1/12/2026,$70.29,441366702542	,$0.00,$0.00,$12.29,$9.00,$0.00,1/16/2026,Goodwill Industries of the Inland Northwest
59832797,1/12/2026,252311968,Black Aerosmith Ultra Cotton T-Shirt with Illustrated Design - Size 2XL,Clothing > Men's Clothing > Shirts,1,$10.00,1/12/2026,1/12/2026,$70.29,441366702542	,$0.00,$0.00,$12.29,$9.00,$0.00,1/16/2026,Goodwill Industries of the Inland Northwest
59833244,1/12/2026,252427884,Mattel Star Wars Darth Vader Action Figure with Stormtrooper 2023,Collectibles > Star Wars,1,$29.97,1/11/2026,1/12/2026,$35.19,397719861116	,$0.00,$0.00,$0.01,$5.21,$0.00,1/13/2026,Goodwill - West Texas
59833270,1/12/2026,252287199,"HUGE Star Wars Superfan Lot: VTG + NEW Toys, Collectibles, Accs + More","Collectibles > Action Figures, Maquettes & Mini Busts",1,$96.00,1/10/2026,1/12/2026,$132.95,397720179075	,$0.00,$0.00,$33.45,$3.50,$0.00,1/13/2026,"Goodwill Industries of Northeast Indiana - State, Inc."
59843531,1/12/2026,252273803,30 LEGO Minifigures Harry Potter Marvel STAR WARS and More,Toys/Dolls/Games > Toys > LEGO,1,$73.00,1/10/2026,1/12/2026,$129.96,397720683645	,$0.00,$0.00,$12.99,$8.99,$0.00,1/13/2026,"Goodwill Industries of Middle Tennessee, Inc."
59843531,1/12/2026,252493323,Kate Spade Soleil/S Women's Rose Gold Metal Aviator Sunglasses,Clothing > Eyewear,1,$19.99,1/12/2026,1/12/2026,$129.96,397720683645	,$0.00,$0.00,$12.99,$8.99,$0.00,1/13/2026,"Goodwill Industries of Middle Tennessee, Inc."
59843531,1/12/2026,252529059,Kenneth Cole NY Olive Green Polyester Quilted Puffer Zip Jacket Size L,Clothing > Women's Clothing > Outerwear > Size L,1,$14.99,1/12/2026,1/12/2026,$129.96,397720683645	,$0.00,$0.00,$12.99,$8.99,$0.00,1/13/2026,"Goodwill Industries of Middle Tennessee, Inc."
59843548,1/12/2026,252086421,Valentino Miss V Single Breasted Houndstooth Blazer Jacket Size 40/6,Clothing > Women's Clothing,1,$51.00,1/12/2026,1/12/2026,$64.34,397751044033	,$0.00,$0.00,$11.34,$2.00,$0.00,1/14/2026,"Goodwill Southern New England, Inc."
59844268,1/12/2026,252537710,2 LEGO Plastic Head-Style Containers,For The Home > Home Decor,1,$9.99,1/12/2026,1/12/2026,$36.99,397748003817	,$0.00,$0.00,$24.01,$2.99,$0.00,1/14/2026,"Goodwill Industries of Middle Tennessee, Inc."
59844275,1/12/2026,252103428,Stanley 40oz Green Travel Mug Tumbler with Handle and Sticker,Tableware and Kitchenware > Tea & Coffee Accessories,1,$9.97,1/12/2026,1/12/2026,$47.53,397722300882	,$0.00,$0.00,$10.57,$5.00,$0.00,1/13/2026,Goodwill of Orange County
59844275,1/12/2026,252412500,Star Wars Pins Lot,Jewelry & Gemstones > Brooches/Pins,1,$21.99,1/10/2026,1/12/2026,$47.53,397722300882	,$0.00,$0.00,$10.57,$5.00,$0.00,1/13/2026,Goodwill of Orange County
59844529,1/13/2026,248529320,"3 Pcs. of Assorted Star Wars Vehicles AT-AT, Millennium Falcon & Tie Slicer",Collectibles > Star Wars,1,$24.99,1/14/2026,1/14/2026,$25.00,495576023504	,$0.00,$0.00,$0.01,$0.00,$0.00,3/13/2026,Goodwill Industries of the Columbia Willamette
59867718,1/13/2026,252598564,Dr. Doc Martens Vonda Floral Rose Embroidered Leather Combat Boots Women's 9,Clothing > Women's Clothing > Shoes Women's > Size 9,1,$46.99,1/13/2026,1/13/2026,$62.45,397789686625	,$0.00,$0.00,$12.47,$2.99,$0.00,1/15/2026,"Goodwill Industries of Middle Tennessee, Inc."
59872992,1/14/2026,252392127,"J Jour Black Suede & Leather Heeled Ankle Boots - Size 36, Made in Italy",Clothing > Women's Clothing > Shoes Women's,1,$9.97,1/13/2026,1/14/2026,$22.13,397839582018	,$0.00,$0.00,$10.16,$2.00,$0.00,1/16/2026,Goodwill of Orange County
59911265,1/15/2026,252610602,"17.5"" 925 Silver, Heishi Beaded & Turquoise Inlay Pendant Necklace",Jewelry & Gemstones > Necklaces,1,$23.00,1/15/2026,1/15/2026,$227.92,426394589777	,$0.00,$0.00,$38.91,$5.00,$0.00,1/17/2026,Goodwill Industries of the Columbia Willamette
59911265,1/15/2026,252610975,Vintage 925 Silver Marcasite Bow Chandelier Earrings,Jewelry & Gemstones > Earrings,1,$19.99,1/15/2026,1/15/2026,$227.92,426394589777	,$0.00,$0.00,$38.91,$5.00,$0.00,1/17/2026,Goodwill Industries of the Columbia Willamette
59911265,1/15/2026,252611266,Lot of 6 Hallmark Keepsake Ornaments Star Wars & Santa's Showboat Edition,Bulk > Seasonal & Holiday,1,$61.00,1/15/2026,1/15/2026,$227.92,426394589777	,$0.00,$0.00,$38.91,$5.00,$0.00,1/17/2026,Goodwill Industries of the Columbia Willamette
59911265,1/15/2026,252612183,Sterling Silver & 6mm Turquoise Rotisserie Ring Size 7,Jewelry & Gemstones > Rings,1,$14.99,1/15/2026,1/15/2026,$227.92,426394589777	,$0.00,$0.00,$38.91,$5.00,$0.00,1/17/2026,Goodwill Industries of the Columbia Willamette
59911265,1/15/2026,252613923,Mitchell & Ness Men's Pullover Black Size M Hoodie,Clothing > Men's Clothing > Hoodies > Size M,1,$19.99,1/15/2026,1/15/2026,$227.92,426394589777	,$0.00,$0.00,$38.91,$5.00,$0.00,1/17/2026,Goodwill Industries of the Columbia Willamette
59911265,1/15/2026,252618207,carhartt Men's Charcoal Size XL Jacket,Clothing > Men's Clothing > Outerwear > Size XL,1,$45.04,1/15/2026,1/15/2026,$227.92,426394589777	,$0.00,$0.00,$38.91,$5.00,$0.00,1/17/2026,Goodwill Industries of the Columbia Willamette
59911482,1/15/2026,252613585,Star Wars Armada Victory-class Star Destroyer Expansion Pack,Collectibles > Star Wars,1,$46.99,1/15/2026,1/15/2026,$175.29,397839181926	,$0.00,$0.00,$10.33,$24.00,$0.00,1/16/2026,Goodwill Industries of Lane & South Coast Counties
59911482,1/15/2026,252613587,Star Wars Armada MC30c Frigate Expansion Pack - New Sealed,Toys/Dolls/Games > Games,1,$47.00,1/15/2026,1/15/2026,$175.29,397839181926	,$0.00,$0.00,$10.33,$24.00,$0.00,1/16/2026,Goodwill Industries of Lane & South Coast Counties
59911482,1/15/2026,252613935,2004 Athen’s Olympic Games Adidas Full-Zip Jacket - Size M,Clothing > Women's Clothing > Outerwear,1,$7.99,1/15/2026,1/15/2026,$175.29,397839181926	,$0.00,$0.00,$10.33,$24.00,$0.00,1/16/2026,Goodwill Industries of Lane & South Coast Counties
59911482,1/15/2026,252614671,True Religion Men's XL Full-Zip Hoodie - Rust Orange,Clothing > Men's Clothing > Hoodies,1,$7.99,1/15/2026,1/15/2026,$175.29,397839181926	,$0.00,$0.00,$10.33,$24.00,$0.00,1/16/2026,Goodwill Industries of Lane & South Coast Counties
59911482,1/15/2026,252614680,"Carhartt Relaxed Fit Black Jacket, Size L",Clothing > Women's Clothing > Outerwear,1,$15.00,1/15/2026,1/15/2026,$175.29,397839181926	,$0.00,$0.00,$10.33,$24.00,$0.00,1/16/2026,Goodwill Industries of Lane & South Coast Counties
59911482,1/15/2026,252614932,Worthington Black Genuine Leather Jacket with Belt - Women's Size L,Clothing > Women's Clothing > Outerwear > Size L,1,$15.99,1/15/2026,1/15/2026,$175.29,397839181926	,$0.00,$0.00,$10.33,$24.00,$0.00,1/16/2026,Goodwill Industries of Lane & South Coast Counties
59911539,1/15/2026,252564325,Lot Of Star Wars Toys,Collectibles > Star Wars,1,$33.00,1/15/2026,1/16/2026,$54.33,398007471326	,$0.00,$0.00,$19.34,$1.99,$0.00,1/22/2026,Goodwill Industries of Mid Michigan
59928406,1/16/2026,251527230,"Lot of Small Toys: LEGO Fabuland Ricky Raccoon & Scooter, Smurfs, & More",Toys/Dolls/Games > Toys,1,$24.99,1/16/2026,1/16/2026,$25.00,441475630639	,$0.00,$0.00,$0.01,$0.00,$0.00,1/16/2026,Goodwill Industries of the Columbia Willamette
59932702,1/16/2026,251544174,"Hallmark Christmas Ornaments Lot- Star Wars, Frozen & More",Seasonal & Holiday,1,$24.99,1/16/2026,1/16/2026,$25.00,441475630536	,$0.00,$0.00,$0.01,$0.00,$0.00,1/16/2026,Goodwill Industries of the Columbia Willamette
59933758,1/16/2026,248527125,"8 Boxed Hallmark Christmas Ornaments - Keepsake, Tree-Trimmer & Stocking Hanger",Seasonal & Holiday,1,$24.99,1/16/2026,1/16/2026,$25.00,441475630180	,$0.00,$0.00,$0.01,$0.00,$0.00,1/16/2026,Goodwill Industries of the Columbia Willamette
59933907,1/16/2026,248527099,(9) Hallmark Holiday Christmas Ornaments In Box,Seasonal & Holiday,1,$24.99,1/16/2026,1/16/2026,$25.00,441475631359	,$0.00,$0.00,$0.01,$0.00,$0.00,1/17/2026,Goodwill Industries of the Columbia Willamette
59934092,1/16/2026,247805252,Christmas Ornaments Lot: Hallmark & More,Seasonal & Holiday,1,$24.99,1/16/2026,1/16/2026,$25.00,441475629613	,$0.00,$0.00,$0.01,$0.00,$0.00,1/16/2026,Goodwill Industries of the Columbia Willamette
59934209,1/16/2026,248527119,"7 Boxed Hallmark Christmas Ornaments - Keepsake, Tree-Trimmer & Stocking Hanger",Seasonal & Holiday,1,$24.99,1/16/2026,1/16/2026,$25.00,441475630216	,$0.00,$0.00,$0.01,$0.00,$0.00,1/16/2026,Goodwill Industries of the Columbia Willamette
59944814,1/17/2026,252179621,Vans x The Nightmare Before Christmas Wmn's Era Stacked Multicolor Sneakers Sz 5,Clothing > Women's Clothing > Shoes Women's > Size 5,1,$14.99,1/17/2026,1/17/2026,$31.32,9434636208303365709852	,$0.00,$0.00,$13.34,$2.99,$0.00,1/21/2026,Goodwill-Easter Seals MN
59948561,1/17/2026,252512582,LEGO Star Wars Han Solo Buildable Figure Set 75535 - Sealed New,Toys/Dolls/Games > Toys > LEGO,1,$14.00,1/17/2026,1/17/2026,$63.89,397952250459	,$0.00,$0.00,$11.40,$7.50,$0.00,1/20/2026,Goodwill of Orange County
59948561,1/17/2026,252521658,Bruno Magli Women's Black Leather Heels with Gold Trim Bow Size 6,Clothing > Women's Clothing > Shoes Women's > Size 6,1,$9.99,1/17/2026,1/17/2026,$63.89,397952250459	,$0.00,$0.00,$11.40,$7.50,$0.00,1/20/2026,Goodwill of Orange County
59948561,1/17/2026,252521789,Rodeo White Leather Cowboy Boots with Embossed Design Size 9.5,Clothing > Men's Clothing > Shoes Men's,1,$21.00,1/17/2026,1/17/2026,$63.89,397952250459	,$0.00,$0.00,$11.40,$7.50,$0.00,1/20/2026,Goodwill of Orange County
59948608,1/17/2026,252099927,Espinoza's Leather Men's Black Vest with Harley Davidson Patches - Size L,Clothing > Men's Clothing > Vests,1,$11.00,1/17/2026,1/17/2026,$24.24,398031646141	,$0.00,$0.00,$10.74,$2.50,$0.00,1/22/2026,Goodwill of Orange County
59948646,1/17/2026,252503000,Jo Malone London Roasted Chestnut Scented Candle - 200g,For The Home > Home Decor,1,$38.37,1/17/2026,1/17/2026,$50.21,397951707890	,$0.00,$0.00,$9.34,$2.50,$0.00,1/20/2026,Goodwill of Orange County
59948678,1/17/2026,252521721,Terre D'Hermès Eau de Toilette Spray Bottle,Bath & Body > Fragrances,1,$35.00,1/17/2026,1/17/2026,$46.84,397939316003	,$0.00,$0.00,$9.34,$2.50,$0.00,1/20/2026,Goodwill of Orange County
59949122,1/17/2026,253169924,Vintage Peyo 1980's Smurf Choo-Choo Train Set Untested W/ Box,Toys/Dolls/Games > Toys > Vintage,1,$14.95,1/17/2026,1/17/2026,$24.94,397903380170	,$0.00,$0.00,$5.00,$4.99,$0.00,1/19/2026,Goodwill Industries of Northeastern Pennsylvania
59955303,1/17/2026,252841015,New Warhammer: Age of Sigmar Warscroll Card Sleeved Bundle of 5 Sealed,Collectibles > Sports Cards/Trading Cards,1,$10.99,1/17/2026,1/17/2026,$22.30,888023048462	,$0.00,$0.00,$8.81,$2.50,$0.00,1/19/2026,Goodwill Wyoming
59970748,1/18/2026,252692102,"Lot Of Hallmark Christmas Ornaments: Star Wars, Disney, Looney Tunes & More",Seasonal & Holiday,1,$66.00,1/17/2026,1/18/2026,$362.69,495575074005	,$0.00,$0.00,$12.64,$10.00,$0.00,1/21/2026,Goodwill Industries of the Columbia Willamette
59970748,1/18/2026,252692292,"Lot Of Hallmark Christmas Ornaments: Star Wars, Barbie, Looney Tunes & More",Seasonal & Holiday,1,$76.00,1/17/2026,1/18/2026,$362.69,495575074005	,$0.00,$0.00,$12.64,$10.00,$0.00,1/21/2026,Goodwill Industries of the Columbia Willamette
59970748,1/18/2026,252744645,"Lot of Game Guide Books - Warhammer, Star Wars, Zelda, More",Books > Collections/Sets,1,$61.05,1/17/2026,1/18/2026,$362.69,495575074005	,$0.00,$0.00,$12.64,$10.00,$0.00,1/21/2026,Goodwill Industries of the Columbia Willamette
59970748,1/18/2026,252746312,"15 Boxed Hallmark Keepsake Ornaments - Star Wars, Barbie & More",Seasonal & Holiday,1,$71.00,1/17/2026,1/18/2026,$362.69,495575074005	,$0.00,$0.00,$12.64,$10.00,$0.00,1/21/2026,Goodwill Industries of the Columbia Willamette
59970748,1/18/2026,252749372,"Lot Of Hallmark Christmas Ornaments: Star Wars, Barbie & More",Seasonal & Holiday,1,$66.00,1/18/2026,1/18/2026,$362.69,495575074005	,$0.00,$0.00,$12.64,$10.00,$0.00,1/21/2026,Goodwill Industries of the Columbia Willamette
59985880,1/19/2026,252936946,Lot Of 28 Pcs Assorted Mixed Variety Collection Multicolor Smurfs Figures,"Collectibles > Action Figures, Maquettes & Mini Busts",1,$32.00,1/16/2026,1/19/2026,$50.65,397970267270	,$0.00,$0.00,$13.65,$5.00,$0.00,1/21/2026,Goodwill Industries of South Florida
59985951,1/19/2026,252895511,LEGO Friends Minifigure Lot - 1 lb. Loose Assorted Minifigs & Accessories,Toys/Dolls/Games > Toys > LEGO,1,$42.56,1/19/2026,1/21/2026,$53.56,441475633101	,$0.00,$0.00,$9.00,$2.00,$0.00,1/23/2026,Goodwill Industries of the Columbia Willamette
59988068,1/19/2026,252885216,Vintage 1994 Bandai Mighty Morphin Power Rangers Kimberly Doll,Toys/Dolls/Games > Dolls > Vintage,1,$26.00,1/19/2026,1/21/2026,$38.74,398036584325	,$0.00,$0.00,$10.74,$2.00,$0.00,1/22/2026,"Goodwill of the Great Plains - Sioux City, Iowa"
60024439,1/21/2026,253274389,Hallmark Keepsake Ornaments Lot Disney Harry Potter Tigger Humpty Dumpty,Seasonal & Holiday,1,$18.00,1/18/2026,1/21/2026,$33.13,398031448388	,$0.00,$0.00,$12.13,$3.00,$0.00,1/22/2026,"Goodwill Industries of Northwest North Carolina, Inc."
60024507,1/21/2026,252884045,Lot of Hallmark Keepsake Ornaments,Collectibles,1,$126.00,1/19/2026,1/21/2026,$150.34,398022205890	,$0.00,$0.00,$22.34,$2.00,$0.00,1/22/2026,"Goodwill of the Great Plains - Sioux City, Iowa"
60024566,1/21/2026,252667981,"Set of Smurf Figurines - Painter, Baker, Gutsy, and Others",Toys/Dolls/Games > Toys > Vintage,1,$24.97,1/16/2026,1/21/2026,$124.96,501247590521	,$0.00,$0.00,$0.03,$0.00,$0.00,1/23/2026,Goodwill of the Olympics and Rainier Region
60024566,1/21/2026,252877731,Hallmark Keepsake Christmas Ornaments Assorted Collection (Boxed Set),Seasonal & Holiday,1,$49.98,1/19/2026,1/21/2026,$124.96,501247590521	,$0.00,$0.00,$0.03,$0.00,$0.00,1/23/2026,Goodwill of the Olympics and Rainier Region
60024566,1/21/2026,252878043,Assorted Christmas Ornaments and Collectibles - Looney Tunes and Hallmark,Seasonal & Holiday,1,$49.98,1/19/2026,1/21/2026,$124.96,501247590521	,$0.00,$0.00,$0.03,$0.00,$0.00,1/23/2026,Goodwill of the Olympics and Rainier Region
60024581,1/21/2026,252680229,Disney/smurfs/looney Tunes/roger Rabbit Figurines,Miscellaneous,1,$107.00,1/16/2026,1/21/2026,$107.01,398138579799	,$0.00,$0.00,$0.01,$0.00,$0.00,1/27/2026,Goodwill Keystone Area - Harrisburg
60024601,1/21/2026,252695185,Lot of LEGO Mini Figs: People & Accessories,Toys/Dolls/Games > Toys > LEGO,1,$161.00,1/16/2026,1/21/2026,$174.49,398035954794	,$0.00,$0.00,$10.74,$2.75,$0.00,1/22/2026,Goodwill South Central California
60024625,1/21/2026,252687824,"Hallmark Keepsake Christmas Ornaments Lot w/ Barbie, Star Wars, Disney & More",Seasonal & Holiday,1,$125.00,1/16/2026,1/21/2026,$145.53,888271549518	,$0.00,$0.00,$16.54,$3.99,$0.00,1/28/2026,Goodwill of North Central Wisconsin
60024852,1/21/2026,252780617,Gildan Warhammer Gameday 2006 Size XL Black Short Sleeve T-Shirt Pre-Owned,Clothing > Men's Clothing > Shirts,1,$14.99,1/18/2026,1/21/2026,$18.99,398025471818	,$0.00,$0.00,$0.01,$3.99,$0.00,1/22/2026,Goodwill Industries Serving Eastern Nebraska & Southwest Iowa
60024871,1/21/2026,252959926,"Collection of Hallmark Keepsake Ornaments - Barbie, Taz, Tigger, and More",Seasonal & Holiday,1,$57.00,1/19/2026,1/21/2026,$77.38,398135707914	,$0.00,$0.00,$17.39,$2.99,$0.00,1/27/2026,Goodwill of Central & Southern Indiana
60024905,1/21/2026,252948855,Several Hallmark Keepsake Barbie Ornaments,Seasonal & Holiday,1,$23.22,1/18/2026,1/21/2026,$33.10,398190138520	,$0.00,$0.00,$9.88,$0.00,$0.00,1/28/2026,Goodwill of Greater Washington D.C. -VA
60024928,1/21/2026,252519061,Dr. Martens Black Leather Tassel Loafers - Women's Size 9,Clothing > Women's Clothing > Shoes Women's > Size 9,1,$41.00,1/18/2026,1/21/2026,$54.24,398169279470	,$0.00,$0.00,$10.74,$2.50,$0.00,1/27/2026,Goodwill of Orange County
60024961,1/21/2026,253035543,NIB Warhammer Age Of Sigmar Stormvault Co-op Role Playing Tabletop Board Game,Toys/Dolls/Games,1,$36.00,1/18/2026,1/21/2026,$51.03,398148061030	,$0.00,$0.00,$12.53,$2.50,$0.00,1/27/2026,Goodwill Tenneva
60050246,1/22/2026,253081385,Hallmark Keepsake Ornaments - Lot of 7 Collectibles,Seasonal & Holiday,1,$24.96,1/21/2026,1/22/2026,$54.90,501247595269	,$0.00,$0.00,$0.02,$0.00,$0.00,1/26/2026,Goodwill of the Olympics and Rainier Region
60050246,1/22/2026,253187509,"Teenage Mutant Ninja Turtles Figure Lot with Skateboards, 4.5 lbs",Toys/Dolls/Games > Toys,1,$29.92,1/22/2026,1/22/2026,$54.90,501247595269	,$0.00,$0.00,$0.02,$0.00,$0.00,1/26/2026,Goodwill of the Olympics and Rainier Region
60053440,1/22/2026,253093418,4 Peyo Smurfs,Collectibles > Figurines,1,$7.00,1/21/2026,1/22/2026,$10.01,398155150574	,$0.00,$0.00,$0.01,$3.00,$0.00,1/27/2026,Goodwill Industries of Southwestern Michigan
60067392,1/22/2026,253115981,"Open & Factory Sealed Game Lot - Warhammer, Dragonwood, Other items",Toys/Dolls/Games > Games,1,$31.00,1/21/2026,1/22/2026,$202.04,441475679147	,$0.00,$0.00,$29.05,$4.00,$0.00,2/10/2026,Goodwill Industries of the Columbia Willamette
60067392,1/22/2026,253117212,Mixed Lot of Dolls and Toys - 9.9 Lbs Assorted Items,Toys/Dolls/Games,1,$69.00,1/22/2026,1/22/2026,$202.04,441475679147	,$0.00,$0.00,$29.05,$4.00,$0.00,2/10/2026,Goodwill Industries of the Columbia Willamette
60067392,1/22/2026,253200531,925 Applique Silver & 10mm Amethyst Ring Size 10,Jewelry & Gemstones > Rings,1,$22.50,1/22/2026,1/22/2026,$202.04,441475679147	,$0.00,$0.00,$29.05,$4.00,$0.00,2/10/2026,Goodwill Industries of the Columbia Willamette
60067392,1/22/2026,253201065,Dolce & Gabbana Men's Long Sleeve Iridescent L Shirt,Clothing > Men's Clothing > Shirts > Size L,1,$19.99,1/22/2026,1/22/2026,$202.04,441475679147	,$0.00,$0.00,$29.05,$4.00,$0.00,2/10/2026,Goodwill Industries of the Columbia Willamette
60067392,1/22/2026,253226309,Dr. Martens Woman's White Size 8 Boots,Clothing > Women's Clothing > Shoes Women's > Size 8,1,$26.50,1/22/2026,1/22/2026,$202.04,441475679147	,$0.00,$0.00,$29.05,$4.00,$0.00,2/10/2026,Goodwill Industries of the Columbia Willamette
60067425,1/22/2026,253216265,Star Trek Space Talk Series Uss Enterprise,"Collectibles > Action Figures, Maquettes & Mini Busts",1,$32.00,1/22/2026,1/22/2026,$52.81,888252398206	,$0.00,$0.00,$17.81,$3.00,$0.00,1/27/2026,Goodwill Industries of Central Texas
60067443,1/22/2026,253185634,Collection of Hallmark Keepsake Christmas Ornaments,Seasonal & Holiday,1,$28.25,1/22/2026,1/22/2026,$59.27,501247594891	,$0.00,$0.00,$0.02,$0.00,$0.00,1/26/2026,Goodwill of the Olympics and Rainier Region
60067443,1/22/2026,253185834,"Vintage Aladdin Lunchboxes with Thermoses - Holly Hobbie, Peanuts, Smurf",Collectibles > Lunch Boxes,1,$31.00,1/22/2026,1/22/2026,$59.27,501247594891	,$0.00,$0.00,$0.02,$0.00,$0.00,1/26/2026,Goodwill of the Olympics and Rainier Region
60067457,1/22/2026,253061973,2006 Hallmark Keepsake Star Trek U.S.S. Enterprise NCC-1701 Christmas Ornament,Seasonal & Holiday,1,$11.00,1/21/2026,1/22/2026,$24.71,888278286861	,$0.00,$0.00,$11.71,$2.00,$0.00,1/28/2026,Goodwill-Suncoast
60067465,1/22/2026,253253011,5 Teenage Mutant Ninja turtle Figures w/1 TMNT Car,Collectibles > Figurines,1,$10.99,1/22/2026,1/23/2026,$25.33,398110980139	,$0.00,$0.00,$11.34,$3.00,$0.00,1/26/2026,"Goodwill of Ashtabula, Inc."
60067477,1/22/2026,253184355,Simpsons Smurfs Trolls 6lb+ Vintage Toy Mini Figure Lot 80s 90s Fast Food,Toys/Dolls/Games > Toys > Vintage,1,$90.00,1/22/2026,1/22/2026,$103.70,888161034404	,$0.00,$0.00,$13.70,$0.00,$0.00,1/23/2026,Goodwill Easter Seals Miami Valley
60088377,1/23/2026,253302322,"Assorted Figurines: Smurfs, Mario, and Others",Toys/Dolls/Games > Toys,1,$9.99,1/23/2026,1/23/2026,$21.97,398227947274	,$0.00,$0.00,$9.98,$2.00,$0.00,1/29/2026,Corbet Rd NCPA Dubois
60088626,1/23/2026,253315008,"Hallmark Christmas Ornaments Lot: Charlie Brown, Winnie the Pooh & More",Seasonal & Holiday,1,$31.51,1/23/2026,1/23/2026,$42.64,495574222588	,$0.00,$0.00,$9.13,$2.00,$0.00,1/24/2026,Goodwill Industries of the Columbia Willamette
60088720,1/23/2026,253287892,"Galactic Encounters: The Fantastic Planet TTTRPG Module (Crescent, 1980)",Books > Reference,1,$17.56,1/23/2026,1/23/2026,$31.44,398145885831	,$0.00,$0.00,$10.88,$3.00,$0.00,1/27/2026,Goodwill Industries of Southern NJ & Philadelphia
60088806,1/23/2026,253175575,Loungefly Disney The Nightmare Before Christmas Pumpkin King Backpack,Clothing > Women's Clothing > Purses,1,$26.01,1/22/2026,1/23/2026,$40.65,398189885602	,$0.00,$0.00,$10.64,$4.00,$0.00,1/28/2026,Goodwill North Central Texas
60088843,1/23/2026,253201160,Playmates Toys Teenage Mutant Ninja Turtles Action Figure Bundle Pack,"Collectibles > Action Figures, Maquettes & Mini Busts",1,$15.00,1/22/2026,1/23/2026,$27.23,398166081795	,$0.00,$0.00,$8.24,$3.99,$0.00,1/27/2026,Southern Oregon Goodwill Industries
60088916,1/23/2026,253298045,"Teenage Mutant Ninja Turtles Toy Collection - Vehicles, Figures, and Accessories",Toys/Dolls/Games > Toys,1,$19.00,1/22/2026,1/23/2026,$65.12,398184663520	,$0.00,$0.00,$43.13,$2.99,$0.00,1/28/2026,Goodwill of Central & Southern Indiana
60088930,1/23/2026,253352329,Super7 Green Teenage Mutant Ninja Turtles Retro Action Figure 9in Michelangelo,"Collectibles > Action Figures, Maquettes & Mini Busts",1,$9.99,1/23/2026,1/23/2026,$22.73,9434636208367275158056	,$0.00,$0.00,$10.74,$2.00,$0.00,1/24/2026,Goodwill of Greater Milwaukee and Chicago
60089083,1/23/2026,253478373,Star Trek Paperback Book Collection - Various Titles and Authors,Books > Collections/Sets,1,$29.92,1/23/2026,1/23/2026,$29.93,501247599780	,$0.00,$0.00,$0.01,$0.00,$0.00,1/26/2026,Goodwill of the Olympics and Rainier Region
60107471,1/24/2026,250648739,"Lot Of Star Wars Figures & Collectibles: Titanium Ships, Hot Wheels Ships & More",Collectibles > Star Wars,1,$24.99,1/24/2026,1/24/2026,$25.00,441475637725	,$0.00,$0.00,$0.01,$0.00,$0.00,1/26/2026,Goodwill Industries of the Columbia Willamette
60107509,1/24/2026,251620285,"5+ Lbs. Of Loose Unsorted Star Wars Merchandise - Pez, Action Figures, More",Collectibles > Star Wars,1,$24.99,1/24/2026,1/24/2026,$25.00,495574224606	,$0.00,$0.00,$0.01,$0.00,$0.00,1/25/2026,Goodwill Industries of the Columbia Willamette
60107530,1/24/2026,253096820,"Lot of Assorted Star Wars Collectibles - Action Figures, Art Set & Others",Collectibles > Star Wars,1,$24.99,1/24/2026,1/24/2026,$40.21,495574224628	,$0.00,$0.00,$13.22,$2.00,$0.00,1/25/2026,Goodwill Industries of the Columbia Willamette
60151164,1/27/2026,253532594,Lot of Assorted Tmnt Figures,"Collectibles > Action Figures, Maquettes & Mini Busts",1,$113.44,1/24/2026,1/27/2026,$128.70,398190700420	,$0.00,$0.00,$11.26,$4.00,$0.00,1/28/2026,Goodwill Industries of Southern Arizona
60151200,1/27/2026,253665912,"Set of Backpacks: Tie-Dye, Spy Ninjas, and Vans Mini Backpack",Travel/Luggage > Backpacks,1,$8.00,1/24/2026,1/27/2026,$31.80,398235922739	,$0.00,$0.00,$21.80,$2.00,$0.00,1/29/2026,Goodwill of Central & Southern Indiana
60151223,1/27/2026,253405338,Lot of Vintage Schleich Smurf PVC Figurines,Toys/Dolls/Games > Toys > Vintage,1,$25.00,1/25/2026,1/27/2026,$37.73,9434636208367275167881	,$0.00,$0.00,$9.73,$3.00,$0.00,1/27/2026,Goodwill of Greater Milwaukee and Chicago
60151243,1/27/2026,253467080,Product Listing: Star Trek Hallmark Keepsake Magic Ornament Set (lot of 3),Seasonal & Holiday,1,$23.55,1/26/2026,1/27/2026,$33.43,398272318296	,$0.00,$0.00,$9.88,$0.00,$0.00,1/30/2026,Goodwill San Diego and Imperial Counties
60152238,1/27/2026,253302064,Atma A Roleplaying Card Game Act 1 Meromorph Games New in Open Box,Toys/Dolls/Games > Games,1,$19.99,1/26/2026,1/27/2026,$25.99,888286347361	,$0.00,$0.00,$0.01,$5.99,$0.00,1/28/2026,"Licking/Knox Goodwill Industries, Inc."
60181281,1/28/2026,253606025,Teenage Mutant Ninja Turtles Action Figures with Accessories & Comic Issue #19,Collectibles,1,$22.00,1/27/2026,1/28/2026,$34.59,398236414300	,$0.00,$0.00,$8.59,$4.00,$0.00,1/29/2026,Goodwill Industries of Lane & South Coast Counties
60181304,1/28/2026,253788828,"Hallmark Keepsake Ornaments (Lot of 11) Star Wars, Disney, Christmas, Etc.",Seasonal & Holiday,1,$26.00,1/27/2026,1/28/2026,$37.34,398342394541	,$0.00,$0.00,$9.34,$2.00,$0.00,2/2/2026,Easterseals-Goodwill Northern Rocky Mountain -SLC
60181328,1/28/2026,253555096,"VTG TMNT Case, 15 Figures, Plate, Cups & MMPR Hand Held Game IOP","Collectibles > Action Figures, Maquettes & Mini Busts",1,$71.00,1/27/2026,1/28/2026,$90.35,398388238974	,$0.00,$0.00,$16.36,$2.99,$0.00,2/3/2026,Goodwill-Easter Seals MN
60181373,1/28/2026,253540843,Vintage Smurf Figure Lot 19 Pcs Papa Smurf Smurfette Schleich Peyo,"Collectibles > Action Figures, Maquettes & Mini Busts",1,$22.00,1/27/2026,1/28/2026,$32.88,888316687212	,$0.00,$0.00,$10.88,$0.00,$0.00,1/29/2026,Goodwill Easter Seals Miami Valley
60195414,1/28/2026,253995508,Authentic Dolce & Gabbana Mens White Red Blue Long Sleeve Dress Shirt Size 17.5,Clothing > Men's Clothing > Shirts,1,$12.99,1/28/2026,1/28/2026,$30.23,398227364730	,$0.00,$0.00,$12.24,$5.00,$0.00,1/29/2026,Goodwill Industries of South Florida
60224841,1/30/2026,253552174,Batman And Star Trek Hallmark Keepsake Ornaments,Seasonal & Holiday,1,$11.99,1/27/2026,1/30/2026,$24.86,398381549416	,$0.00,$0.00,$10.88,$1.99,$0.00,2/3/2026,Goodwill Industries of Mid Michigan
60224858,1/30/2026,253725232,"Vintage 1992 Playmates 4.5"" Star Trek TNG Borg Action Figure with Accessories","Collectibles > Action Figures, Maquettes & Mini Busts",1,$5.99,1/28/2026,1/30/2026,$16.09,398281712742	,$0.00,$0.00,$8.10,$2.00,$0.00,1/30/2026,"Goodwill Industries of the Columbia, Inc. Pasco, WA"
60224886,1/30/2026,253755711,Lot of Hallmark Holiday Ornaments Casablanca Superman Looney Tunes,Seasonal & Holiday,1,$13.00,1/29/2026,1/30/2026,$24.81,398366549622	,$0.00,$0.00,$11.81,$0.00,$0.00,2/3/2026,"Goodwill Industries of West Michigan, Inc."
60224921,1/30/2026,253771935,Hallmark Keepsake Frostlight Faeries Collection Ornaments (Set of 4),Seasonal & Holiday,1,$14.98,1/28/2026,1/30/2026,$128.59,398339123190	,$0.00,$0.00,$15.63,$5.98,$0.00,2/2/2026,Goodwill of Central & Southern Indiana
60224921,1/30/2026,253847572,"Authentic Men's Clothing: Burberry, Supreme, Givenchy, Dolce & Gabbana",Clothing > Men's Clothing > Shirts,1,$92.00,1/29/2026,1/30/2026,$128.59,398339123190	,$0.00,$0.00,$15.63,$5.98,$0.00,2/2/2026,Goodwill of Central & Southern Indiana
60251644,1/31/2026,253086885,Tripp NYC Daang Goodman Black Dress with White Owl Print Size 3,Clothing > Women's Clothing > Dresses > Size 3,1,$14.91,2/2/2026,2/2/2026,$14.92,511818528402	,$0.00,$0.00,$0.01,$0.00,$0.00,2/4/2026,Goodwill of the Olympics and Rainier Region
60280877,2/2/2026,253729755,NOMA Hallmark Keepsake Ornaments Lionel Southern Mikado Steam Locomotive & More,Seasonal & Holiday,1,$11.99,1/28/2026,2/2/2026,$79.79,888619748112	,$0.00,$0.00,$38.82,$13.99,$0.00,2/9/2026,Goodwill of North Central Wisconsin
60280877,2/2/2026,253938555,Star Wars Millennium Falcon Playset,Collectibles > Star Wars,1,$14.99,1/30/2026,2/2/2026,$79.79,888619748112	,$0.00,$0.00,$38.82,$13.99,$0.00,2/9/2026,Goodwill of North Central Wisconsin
60280888,2/2/2026,253912431,"2lbs Goth / Punk Jewelry Lot - Necklaces, Rings, Bracelets, Earrings",Jewelry & Gemstones > Costume Jewelry Grabbags,1,$51.00,1/31/2026,2/2/2026,$81.97,426394618814	,$0.00,$0.00,$10.98,$0.00,$0.00,3/13/2026,Goodwill Industries of the Columbia Willamette
60280888,2/2/2026,254197137,Tripp NYC Women's Grommet Skinny Black Size 24 Jeans,Clothing > Women's Clothing > Jeans > Size 24W,1,$19.99,2/1/2026,2/2/2026,$81.97,426394618814	,$0.00,$0.00,$10.98,$0.00,$0.00,3/13/2026,Goodwill Industries of the Columbia Willamette
60298743,2/2/2026,254126769,+Signed SilverTone Goth MM Fashion JewelryLot+ArticulatedRing ElasticBangleSkull,Jewelry & Gemstones > Costume Jewelry,1,$20.99,2/2/2026,2/2/2026,$31.99,9434636208303369436518	,$0.00,$0.00,$8.00,$3.00,$0.00,2/3/2026,Evergreen Goodwill
60298789,2/2/2026,253561049,Lot of 5 Hallmark Peanuts Charlie Brown Christmas Musical Boxes + 3 Bonus Stands,Seasonal & Holiday,1,$111.00,1/27/2026,2/2/2026,$183.97,398417349573	,$0.00,$0.00,$15.97,$6.00,$0.00,2/4/2026,Goodwill of Greater Milwaukee and Chicago
60298789,2/2/2026,253948797,3.2oz of LEGO Star Wars Mini Figures,Toys/Dolls/Games > Toys > LEGO,1,$51.00,1/31/2026,2/2/2026,$183.97,398417349573	,$0.00,$0.00,$15.97,$6.00,$0.00,2/4/2026,Goodwill of Greater Milwaukee and Chicago
60298829,2/2/2026,253681369,Hallmark Disney Holiday Musical Figurine Set,Seasonal & Holiday,1,$150.00,1/29/2026,2/2/2026,$174.96,511818527483	,$0.00,$0.00,$0.02,$0.00,$0.00,2/4/2026,Goodwill of the Olympics and Rainier Region
60298829,2/2/2026,253893056,Hasbro Star Wars Millennium Falcon Playset #B3678,Toys/Dolls/Games > Toys,1,$24.94,1/30/2026,2/2/2026,$174.96,511818527483	,$0.00,$0.00,$0.02,$0.00,$0.00,2/4/2026,Goodwill of the Olympics and Rainier Region
60298900,2/2/2026,253954352,IOB Hallmark Keepsake 2019 Batman Christmas Tree Ornament,Seasonal & Holiday,1,$8.50,1/31/2026,2/2/2026,$21.03,441366721787	,$0.00,$0.00,$9.53,$3.00,$0.00,2/5/2026,Goodwill Industries of the Inland Northwest
60298935,2/2/2026,253689568,Dolce & Gabbana Black Blazer Jacket Men's Size 52,Clothing > Men's Clothing > Blazers,1,$26.99,1/29/2026,2/2/2026,$38.83,398479215879	,$0.00,$0.00,$9.34,$2.50,$0.00,2/5/2026,Goodwill of Orange County
60299130,2/2/2026,253961580,Goth New Wave Skeleton Hand Bracelet Lace Choker Wrist Ring Costume Jewelry Lot,Jewelry & Gemstones > Costume Jewelry Grabbags,1,$14.99,1/31/2026,2/2/2026,$18.99,398547182447	,$0.00,$0.00,$0.01,$3.99,$0.00,2/9/2026,Goodwill of Southwestern Pennsylvania
60319500,2/3/2026,253616274,Free People x We The Free Flora Low Rise Boot Cut Blue Jeans - Size 27 NWT,Clothing > Women's Clothing > Jeans,1,$44.99,2/3/2026,2/3/2026,$48.99,888654418525	,$0.00,$0.00,$0.01,$3.99,$0.00,2/10/2026,Goodwill of North Central Wisconsin
60322854,2/3/2026,254449039,7PC Vintage Lord of the Rings Series Paperback Books J.R.R. Tolkien,Books > Antique/Collectible,1,$69.98,2/3/2026,2/3/2026,$69.99,511818532346	,$0.00,$0.00,$0.01,$0.00,$0.00,2/5/2026,Goodwill of the Olympics and Rainier Region
60322867,2/3/2026,254067887,"Silver/Black Tone Goth Jewelry w/ Studded Leather, Belt & Scythe Hair Pin",Jewelry & Gemstones > Jewelry Sets,1,$66.00,2/2/2026,2/3/2026,$96.73,398500199179	,$0.00,$0.00,$10.74,$5.00,$0.00,2/6/2026,Goodwill of Central & Northern Arizona
60322867,2/3/2026,254218955,10 Piece Lot including Punk Goth Silver Tone Jewelry Set 1.6 lbs,Jewelry & Gemstones > Jewelry Sets,1,$14.99,2/3/2026,2/3/2026,$96.73,398500199179	,$0.00,$0.00,$10.74,$5.00,$0.00,2/6/2026,Goodwill of Central & Northern Arizona
60322882,2/3/2026,254138035,Littlest Pet Shop Playset Cat Dog Figures Playtime Friends Magnetic Book Set,Toys/Dolls/Games > Toys > Vintage,1,$12.99,2/3/2026,2/3/2026,$92.72,888688421070	,$0.00,$0.00,$15.77,$11.97,$0.00,2/11/2026,Goodwill of North Central Wisconsin
60322882,2/3/2026,254139711,Vintage Men's Woolrich Charcoal Gray with Red Stripes Wool Pants,Clothing > Men's Clothing > Pants,1,$12.99,2/3/2026,2/3/2026,$92.72,888688421070	,$0.00,$0.00,$15.77,$11.97,$0.00,2/11/2026,Goodwill of North Central Wisconsin
60322882,2/3/2026,254162973,4 Pounds Natural Stone Jewelry Bundle,Jewelry & Gemstones > Costume Jewelry Grabbags,1,$39.00,2/3/2026,2/3/2026,$92.72,888688421070	,$0.00,$0.00,$15.77,$11.97,$0.00,2/11/2026,Goodwill of North Central Wisconsin
60322900,2/3/2026,254178713,Assorted Vintage and Modern Christmas Ornaments Spider Man Star Wars Etc. Lot,Seasonal & Holiday,1,$23.00,2/3/2026,2/3/2026,$157.07,888689286447	,$0.00,$0.00,$20.11,$11.97,$0.00,2/11/2026,Goodwill of North Central Wisconsin
60322900,2/3/2026,254181956,"14K Gold Scalloped Coral-White Silhouette Cameo Stud Earrings, 1.5 Grams",Jewelry & Gemstones > Earrings,1,$79.99,2/3/2026,2/3/2026,$157.07,888689286447	,$0.00,$0.00,$20.11,$11.97,$0.00,2/11/2026,Goodwill of North Central Wisconsin
60322900,2/3/2026,254217487,Lot Of 5 Pcs Harley Davidson Shirts Tops Assorted Styles Sizes Preowned,Clothing > Women's Clothing,1,$22.00,2/3/2026,2/3/2026,$157.07,888689286447	,$0.00,$0.00,$20.11,$11.97,$0.00,2/11/2026,Goodwill of North Central Wisconsin
60322912,2/3/2026,254301091,Lot of Assorted Vintage 1990s Star Wars Power of the Force Spaceship Toys,Collectibles > Star Wars,1,$9.99,2/2/2026,2/3/2026,$40.92,398459439516	,$0.00,$0.00,$26.94,$3.99,$0.00,2/5/2026,"Goodwill Industries of Central North Carolina, Inc."
60322919,2/3/2026,254184745,Lot of Dungeons & Dragons Gaming Guides,Books,1,$142.00,2/1/2026,2/3/2026,$156.50,398637854069	,$0.00,$0.00,$11.51,$2.99,$0.00,2/11/2026,Goodwill of Colorado
60322946,2/3/2026,254161241,Men's Tripp Nyc Pinhead Trench Coat Size Large,Clothing > Men's Clothing > Outerwear,1,$78.00,2/3/2026,2/3/2026,$88.86,398427301320	,$0.00,$0.00,$10.86,$0.00,$0.00,2/4/2026,Goodwill San Diego and Imperial Counties
60338265,2/4/2026,254255668,Vintage Peavey Nitro I Electric Guitar with Case - Needs Work and Cleaning,Musical Instruments > Guitars & Basses > Electric,1,$279.00,2/4/2026,2/4/2026,$331.50,888758687069	,$0.00,$0.00,$50.50,$2.00,$0.00,2/13/2026,Goodwill of Lorain County
60338318,2/4/2026,254252161,"Lot of Goth Glam Fashion Jewelry, Accessories & Scrap",Jewelry & Gemstones > Costume Jewelry Grabbags,1,$43.99,2/4/2026,2/4/2026,$60.28,888514360438	,$0.00,$0.00,$13.29,$3.00,$0.00,2/5/2026,Goodwill Industries of Central Texas
60338374,2/4/2026,254279864,Ibanez RG Series Blue 6-String Electric Guitar w/ Case,Musical Instruments > Guitars & Basses > Electric,1,$131.00,2/4/2026,2/4/2026,$183.08,888650151921	,$0.00,$0.00,$50.08,$2.00,$0.00,2/10/2026,Goodwill-Suncoast
60351823,2/5/2026,254246528,Bold tone costume jewelry grab bag 6.2 lbs 140-FF-12826,Jewelry & Gemstones > Costume Jewelry Grabbags,1,$34.00,2/4/2026,2/5/2026,$67.63,398636212129	,$0.00,$0.00,$13.13,$4.50,$0.00,2/11/2026,Richmond - Goodwill of Central & Coastal Virginia
60351823,2/5/2026,254278910,Lot of Littlest Pet Shop Figures and Accessories in Case (3),Toys/Dolls/Games > Toys,1,$16.00,2/4/2026,2/5/2026,$67.63,398636212129	,$0.00,$0.00,$13.13,$4.50,$0.00,2/11/2026,Richmond - Goodwill of Central & Coastal Virginia
60351896,2/5/2026,254265071,Gothic Romance Red Black Fashion Jewelry w/Brighton Bracelet 0.9 lbs,Jewelry & Gemstones > Jewelry Sets,1,$31.00,2/4/2026,2/5/2026,$44.70,398558533804	,$0.00,$0.00,$10.20,$3.50,$0.00,2/9/2026,Goodwill of Central & Northern Arizona
60351939,2/5/2026,254260758,Lot ofHallmark Keepsake Star Wars Ornament,Collectibles > Star Wars,1,$46.00,2/4/2026,2/5/2026,$56.74,398642293702	,$0.00,$0.00,$10.74,$0.00,$0.00,2/11/2026,MERS/Missouri Goodwill Industries
60406499,2/7/2026,254347041,"Vintage G.I. Joe Vehicle Collection: WHALE, HAVOC, Skystriker, Command Center",Toys/Dolls/Games > Toys > Vintage,1,$43.00,2/5/2026,2/7/2026,$72.15,398552043928	,$0.00,$0.00,$27.16,$1.99,$0.00,2/9/2026,Goodwill Industries of Arkansas - NWA
60406524,2/7/2026,254416925,Hasbro 2015 Star Wars Rebels Ship Toy,Collectibles > Star Wars,1,$29.99,2/5/2026,2/7/2026,$44.67,398563703633	,$0.00,$0.00,$11.69,$2.99,$0.00,2/9/2026,Goodwill Industries of NE Texas
60406830,2/7/2026,254847502,Micro Machines Star Trek Television Series I Collector's Edition Set,Toys/Dolls/Games > Toys,1,$69.98,2/7/2026,2/7/2026,$69.99,511818558703	,$0.00,$0.00,$0.01,$0.00,$0.00,2/10/2026,Goodwill of the Olympics and Rainier Region
60407565,2/7/2026,253788820,Social Collision Brown Hoodie with Gothic Cross Design - Size Large,Clothing > Men's Clothing > Hoodies,1,$29.98,2/7/2026,2/7/2026,$36.98,398551627406	,$0.00,$0.00,$5.00,$2.00,$0.00,2/9/2026,Goodwill of Central & Southern Indiana
60468482,2/10/2026,254872713,18.8 LBS UNSORTED LEGOS BRICKS MINIFIGS LOT INC LEGO CREATOR 3 N 1 TOY SET &MORE,Toys/Dolls/Games > Toys > LEGO,1,$77.00,2/9/2026,2/11/2026,$105.47,513430764545	,$0.00,$0.00,$23.97,$4.50,$0.00,2/20/2026,Goodwill Industries of San Antonio
60484553,2/11/2026,254775668,"Star Trek Collectibles: Action Figures, Phaser, Mug, and Enamel Pins",Toys/Dolls/Games > Toys,1,$19.99,2/11/2026,2/11/2026,$60.05,441475689674	,$0.00,$0.00,$18.07,$2.00,$0.00,2/13/2026,Goodwill Industries of the Columbia Willamette
60484553,2/11/2026,254801114,Wildfang Women's Canvas Denim Full Zip Goth Aesthetic Black Medium Jacket,Clothing > Women's Clothing > Outerwear > Size M,1,$19.99,2/8/2026,2/11/2026,$60.05,441475689674	,$0.00,$0.00,$18.07,$2.00,$0.00,2/13/2026,Goodwill Industries of the Columbia Willamette
60484635,2/11/2026,254771638,Hasbro Littlest Pet Shop Animal Figures Lot,Toys/Dolls/Games > Toys,1,$46.00,2/10/2026,2/11/2026,$61.63,888852270376	,$0.00,$0.00,$11.64,$3.99,$0.00,2/17/2026,Goodwill of North Central Wisconsin
60484654,2/11/2026,254780501,Men's Officially Licensed Original Star Trek Hooded Zip-up Hoodie Size Xxl,Clothing > Men's Clothing > Hoodies,1,$33.00,2/10/2026,2/11/2026,$43.27,888736083945	,$0.00,$0.00,$10.27,$0.00,$0.00,2/12/2026,Goodwill San Diego and Imperial Counties
60681278,2/20/2026,254870568,Pfaltzgraff Star Trek VI USS Enterprise NCC-1701-A 3 Piece Set Sealed,Collectibles,1,$52.00,2/11/2026,2/20/2026,$139.17,888950538062	,$0.00,$0.00,$17.16,$9.00,$0.00,2/20/2026,Evergreen Goodwill
60681278,2/20/2026,254974289,Filson Black Vest Size 46,Clothing > Men's Clothing > Vests,1,$48.01,2/12/2026,2/20/2026,$139.17,888950538062	,$0.00,$0.00,$17.16,$9.00,$0.00,2/20/2026,Evergreen Goodwill
60681278,2/20/2026,255042425,"925 Silver & Amethyst Necklace 17""",Jewelry & Gemstones > Necklaces,1,$13.00,2/12/2026,2/20/2026,$139.17,888950538062	,$0.00,$0.00,$17.16,$9.00,$0.00,2/20/2026,Evergreen Goodwill
60681304,2/20/2026,254870962,Pfaltzgraff Star Trek VI USS Enterprise NCC-1701-A 3 Piece Set Sealed,Collectibles,1,$81.00,2/11/2026,2/20/2026,$119.16,9434936208303274883392	,$0.00,$0.00,$9.16,$6.00,$0.00,2/26/2026,Evergreen Goodwill
60681304,2/20/2026,255020531,3.42 Ounces LEGO Minifigures,Toys/Dolls/Games > Toys > LEGO,1,$23.00,2/12/2026,2/20/2026,$119.16,9434936208303274883392	,$0.00,$0.00,$9.16,$6.00,$0.00,2/26/2026,Evergreen Goodwill
60724104,2/22/2026,255741934,Hallmark Star Trek Keepsake Ornament Collection - Various Designs,Seasonal & Holiday,1,$21.00,2/21/2026,2/26/2026,$32.93,500006474050	,$0.00,$0.00,$8.93,$3.00,$0.00,2/26/2026,Goodwill Industries of the Inland Northwest
60757016,2/23/2026,256266875,Feelhappy Women's Vintage Y2K Goth Blouse Black Red Floral Sheer Size 15,Clothing > Juniors' Clothing > Shirts/Blouses > Size 15,1,$19.99,2/23/2026,2/23/2026,$23.35,399076590011	,$0.00,$0.00,$0.01,$3.35,$0.00,2/25/2026,Goodwill Industries of Greater Cleveland & East Central Ohio
60814435,2/26/2026,256181997,"Dungeons & Dragons Hoodie, RPG Books, Cards, and Warhammer 40k Figure","Collectibles > Action Figures, Maquettes & Mini Busts",1,$22.01,2/24/2026,2/26/2026,$44.31,399228732062	,$0.00,$0.00,$19.31,$2.99,$0.00,3/2/2026,Goodwill of Central & Southern Indiana
60814465,2/26/2026,256326356,Demonia 518 Women's Black Platform Boots Size,Clothing > Women's Clothing > Shoes Women's,1,$32.00,2/24/2026,2/26/2026,$50.80,399126201763	,$0.00,$0.00,$14.81,$3.99,$0.00,2/26/2026,Goodwill of Colorado
60814511,2/26/2026,255933515,CD 811Black Platform Boots with Metal Accents,Clothing > Men's Clothing > Shoes Men's,1,$49.99,2/24/2026,2/26/2026,$143.00,514548081150	,$0.00,$0.00,$0.03,$0.00,$0.00,3/2/2026,Goodwill of the Olympics and Rainier Region
60814511,2/26/2026,255959521,Women's Black Demonia Damned-318 Platform Boots Size 8,Clothing > Women's Clothing > Shoes Women's > Size 8,1,$53.00,2/24/2026,2/26/2026,$143.00,514548081150	,$0.00,$0.00,$0.03,$0.00,$0.00,3/2/2026,Goodwill of the Olympics and Rainier Region
60814511,2/26/2026,256172558,Vintage Goth Corset with Buckles and Lace-Up Back - Size 28,Clothing > Women's Clothing > Jeans > Size 28,1,$39.98,2/25/2026,2/26/2026,$143.00,514548081150	,$0.00,$0.00,$0.03,$0.00,$0.00,3/2/2026,Goodwill of the Olympics and Rainier Region
60864146,2/28/2026,256303010,Rubie's Costume Steampunk Brown Hat with Chains,Seasonal & Holiday,1,$6.50,2/26/2026,2/28/2026,$15.28,501450777668	,$0.00,$0.00,$8.78,$0.00,$0.00,3/3/2026,Goodwill Industries of the Inland Northwest
60864164,2/28/2026,256329432,925 Silver Marcasite & Blue Topaz Gothic Cross Pendant,Jewelry & Gemstones > Pendants,1,$34.00,2/26/2026,2/28/2026,$34.01,9400109105114154607695	,$0.00,$0.00,$0.01,$0.00,$0.00,3/9/2026,Goodwill Industries of Upstate/Midlands South Carolina - GREENVILLE
60864191,2/28/2026,256209692,Dungeons & Dragons Themed Crossbody Bag with Accessories,Travel/Luggage,1,$49.99,2/26/2026,2/28/2026,$50.00,514548093624	,$0.00,$0.00,$0.01,$0.00,$0.00,3/4/2026,Goodwill of the Olympics and Rainier Region
60864228,2/28/2026,256374862,The One Ring Roleplaying in the World of the Lord of the Rings Hardcover,Movies & Music,1,$36.00,2/27/2026,2/28/2026,$36.01,399262656305	,$0.00,$0.00,$0.01,$0.00,$0.00,3/3/2026,Goodwill Keystone Area - Reading
60881742,3/1/2026,256430532,Cyberpunk or Techwear Punk Helmet Mask Cosplay Costume Use,Sports,1,$49.99,2/28/2026,3/1/2026,$50.00,514548101270	,$0.00,$0.00,$0.01,$0.00,$0.00,3/5/2026,Goodwill of the Olympics and Rainier Region
60893946,3/1/2026,256546758,Mystical Shaman Oracle: 64-Card Deck and Guidebook Sealed,Books,1,$14.99,3/1/2026,3/1/2026,$27.82,889224636990	,$0.00,$0.00,$9.34,$3.49,$0.00,3/2/2026,Goodwill Industries of Ventura and Santa Barbara Counties
60920015,3/3/2026,256547364,Steampunk Men's Brown Hat Sz Large,Clothing > Men's Clothing > Hats,1,$69.82,3/1/2026,3/3/2026,$82.70,889523927653	,$0.00,$0.00,$10.88,$2.00,$0.00,3/11/2026,Goodwill Industries of South Texas
60920024,3/3/2026,256626566,Dungeons & Dragons Hardcover 'Players Handbook v3.5' 1st Printing 2003,Toys/Dolls/Games > Games,1,$26.00,3/2/2026,3/3/2026,$60.01,889366820609	,$0.00,$0.00,$13.04,$7.98,$0.00,3/6/2026,Goodwill of North Central Wisconsin
60920024,3/3/2026,256627372,Dungeons & Dragons Hardcover 'Monster Manual v3.5' 1st Print 2003,Toys/Dolls/Games > Games,1,$12.99,3/2/2026,3/3/2026,$60.01,889366820609	,$0.00,$0.00,$13.04,$7.98,$0.00,3/6/2026,Goodwill of North Central Wisconsin
60920049,3/3/2026,256737847,Pathfinder Roleplaying Game Books and Accessories Set,Toys/Dolls/Games > Games,1,$36.00,3/2/2026,3/3/2026,$59.15,399343868882	,$0.00,$0.00,$20.16,$2.99,$0.00,3/5/2026,Goodwill of Central & Southern Indiana
60937078,3/3/2026,256729691,Tripp NYC Women's Black/Green Mesh Cargo Pocket Chain Embellished Baggy Pants,Clothing > Women's Clothing > Pants > Size M,1,$118.99,3/3/2026,3/3/2026,$326.30,399354207219	,$0.00,$0.00,$13.34,$8.97,$0.00,3/5/2026,Goodwill-Easter Seals MN
60937078,3/3/2026,256730747,Tripp NYC Women's Black Chain Skull Embellished Convertible Baggy Cargo Pants,Clothing > Women's Clothing > Pants > Size M,1,$106.00,3/3/2026,3/3/2026,$326.30,399354207219	,$0.00,$0.00,$13.34,$8.97,$0.00,3/5/2026,Goodwill-Easter Seals MN
60937078,3/3/2026,256731007,Tripp NYC Women's Lime/Black Biohazard Graphic Chain Convertible Cargo Pants,Clothing > Women's Clothing > Pants > Size S,1,$79.00,3/3/2026,3/3/2026,$326.30,399354207219	,$0.00,$0.00,$13.34,$8.97,$0.00,3/5/2026,Goodwill-Easter Seals MN
60982397,3/5/2026,257020383,"D20 Modern Roleplaying Game: Core Rulebook, 2002 First Edition Hardcover",Books > Reference,1,$9.99,3/4/2026,3/5/2026,$23.18,399472784966	,$0.00,$0.00,$11.19,$2.00,$0.00,3/10/2026,"Goodwill Industries of Central Illinois, Inc."
60982423,3/5/2026,256813060,IOB Capt. Jules' Steampunk Flask with Decorative Gauge,Tableware and Kitchenware > Barware,1,$9.99,3/4/2026,3/5/2026,$21.92,500006483753	,$0.00,$0.00,$8.93,$3.00,$0.00,3/7/2026,Goodwill Industries of the Inland Northwest
60982439,3/5/2026,256741125,Women's Tripp INC Black Long Gothic/Steampunk Jacket Size XS,Clothing > Women's Clothing > Outerwear > Size XS,1,$63.77,3/3/2026,3/5/2026,$75.90,399589067962	,$0.00,$0.00,$9.88,$2.25,$0.00,3/13/2026,Virginia Beach - Goodwill of Central & Coastal Virginia
60982482,3/5/2026,256829563,Tripp NYC Men Red Plaid Zipper Strap Pants Style IS6037MP Size 36,Clothing > Men's Clothing > Retro/Vintage,1,$35.00,3/4/2026,3/5/2026,$45.74,399367367489	,$0.00,$0.00,$10.74,$0.00,$0.00,3/6/2026,MERS/Missouri Goodwill Industries
60982513,3/5/2026,256899485,Vintage distressed Oiled Brown Leather Steampunk Messenger Bag,Clothing > Women's Clothing > Purses,1,$32.00,3/3/2026,3/6/2026,$47.94,399493128177	,$0.00,$0.00,$12.95,$2.99,$0.00,3/10/2026,Goodwill of Western Missouri & Eastern Kansas
60990221,3/5/2026,256900373,Dungeons & Dragons Starter Set: Heroes of the Borderlands - Sealed,Toys/Dolls/Games > Games,1,$31.66,3/5/2026,3/6/2026,$44.78,399447021608	,$0.00,$0.00,$11.12,$2.00,$0.00,3/9/2026,Corbet Rd NCPA Dubois
60990292,3/5/2026,256928911,3 Vintage Wood Textile Spools,Crafts & Hobbies,1,$25.06,3/5/2026,3/5/2026,$25.07,889594046326	,$0.00,$0.00,$0.01,$0.00,$0.00,3/13/2026,Goodwill Keystone Area - Harrisburg
61001610,3/6/2026,257236686,"Women's Waist Trainer Corset with Galaxy Print, Size Small",Clothing > Women's Clothing > Accessories,1,$29.92,3/6/2026,3/6/2026,$29.93,92419931507372543400155005	,$0.00,$0.00,$0.01,$0.00,$0.00,3/10/2026,Goodwill of the Olympics and Rainier Region
61013626,3/6/2026,256949821,Black Leather Corset with Buckles and Lacing - Size 30,Clothing > Women's Clothing > Intimates > Size 32,1,$39.99,3/6/2026,3/6/2026,$140.01,517399591479	,$0.00,$0.00,$0.02,$0.00,$0.00,3/11/2026,Goodwill of the Olympics and Rainier Region
61013626,3/6/2026,256949986,Killstar Embroidered Faux Shearling Coat Gothic Witchy - Women's Size L,Clothing > Women's Clothing > Outerwear > Size L,1,$100.00,3/6/2026,3/6/2026,$140.01,517399591479	,$0.00,$0.00,$0.02,$0.00,$0.00,3/11/2026,Goodwill of the Olympics and Rainier Region
61015197,3/6/2026,256919814,VINTAGE WARHAMMER 40K Tyranid Battle Force,Toys/Dolls/Games > Dolls > Vintage,1,$91.00,3/5/2026,3/6/2026,$97.00,889437563404	,$0.00,$0.00,$0.01,$5.99,$0.00,3/9/2026,"Licking/Knox Goodwill Industries, Inc."
61015225,3/6/2026,256832054,The Witcher Tabletop Roleplaying Game Core Rulebook - R Talsorian Games,Books > Antique/Collectible,1,$26.00,3/4/2026,3/6/2026,$81.78,399482053958	,$0.00,$0.00,$11.80,$7.98,$0.00,3/10/2026,Southern Oregon Goodwill Industries
61015225,3/6/2026,257047688,Star Wars Roleplaying Game: Saga Edition Core Rulebook,Books > Non-Fiction > Games & Puzzles,1,$36.00,3/6/2026,3/6/2026,$81.78,399482053958	,$0.00,$0.00,$11.80,$7.98,$0.00,3/10/2026,Southern Oregon Goodwill Industries
61019659,3/7/2026,256706214,Oxweld Vintage Round Welding Glasses Brown Steampunk Accessory Display Item,Clothing > Eyewear,1,$17.00,3/3/2026,3/7/2026,$26.88,399406103299	,$0.00,$0.00,$9.88,$0.00,$0.00,3/8/2026,Goodwill of Northern New England
61020276,3/7/2026,257058631,Carved Wooden Walking Stick with Twisted Design,Collectibles,1,$9.97,3/6/2026,3/7/2026,$23.21,399520079600	,$0.00,$0.00,$10.74,$2.50,$0.00,3/11/2026,Goodwill of Orange County
61020388,3/7/2026,256824415,Unlabeled Brown Wooden Men's Walking Cane W/Carved Face In The Handle 35' Long,Miscellaneous,1,$13.00,3/4/2026,3/7/2026,$39.04,399529360824	,$0.00,$0.00,$23.05,$2.99,$0.00,3/11/2026,Goodwill-Easter Seals MN
61036713,3/8/2026,257248995,"Star Trek Autographed Picture Autographed By ""Scotty"" James Doohan",Collectibles > Hollywood Memorabilia,1,$32.00,3/7/2026,3/8/2026,$47.01,399439149189	,$0.00,$0.00,$12.01,$3.00,$0.00,3/9/2026,"Goodwill Industries of Michiana, Inc."
61036749,3/8/2026,256915715,Warhammer 40K Fireteam Table-Top Strategy Game,Toys/Dolls/Games > Games,1,$28.00,3/5/2026,3/8/2026,$107.60,399453573383	,$0.00,$0.00,$15.26,$10.50,$0.00,3/9/2026,Goodwill of Greater Milwaukee and Chicago
61036749,3/8/2026,257108190,Medieval Times Knight Slaying Dragon Figurine,Collectibles > Figurines,1,$26.87,3/7/2026,3/8/2026,$107.60,399453573383	,$0.00,$0.00,$15.26,$10.50,$0.00,3/9/2026,Goodwill of Greater Milwaukee and Chicago
61036749,3/8/2026,257129199,"Fashion Silver Tone Heart Adjustable Charm Bracelets, 36.5g",Jewelry & Gemstones > Bracelets,1,$8.99,3/7/2026,3/8/2026,$107.60,399453573383	,$0.00,$0.00,$15.26,$10.50,$0.00,3/9/2026,Goodwill of Greater Milwaukee and Chicago
61036749,3/8/2026,257136576,Lucky Brand Fashion Faux Stone Bronze Graduated Toggle Necklace 37.9g,Jewelry & Gemstones > Bracelets,1,$8.99,3/7/2026,3/8/2026,$107.60,399453573383	,$0.00,$0.00,$15.26,$10.50,$0.00,3/9/2026,Goodwill of Greater Milwaukee and Chicago
61036749,3/8/2026,257141270,Ollivanders Toy Wand,Toys/Dolls/Games > Toys,1,$8.99,3/7/2026,3/8/2026,$107.60,399453573383	,$0.00,$0.00,$15.26,$10.50,$0.00,3/9/2026,Goodwill of Greater Milwaukee and Chicago
61036775,3/8/2026,256801692,Lynx RPG Condition Rings Set - Multicolored Status Indicators,Gaming Systems & Games,1,$18.01,3/5/2026,3/8/2026,$43.81,399553549267	,$0.00,$0.00,$11.81,$4.00,$0.00,3/12/2026,"Youngstown Area Goodwill Industries, Inc."
61036775,3/8/2026,257027114,Batman Unlimited Batmobile Model Kit and Batman & Tiger Claw Figure Set,Toys/Dolls/Games > Toys,1,$9.99,3/7/2026,3/8/2026,$43.81,399553549267	,$0.00,$0.00,$11.81,$4.00,$0.00,3/12/2026,"Youngstown Area Goodwill Industries, Inc."
61036787,3/8/2026,257246093,Steampunk Costume Waist Belt,Clothing > Women's Clothing > Accessories,1,$31.88,3/7/2026,3/8/2026,$46.20,399439200695	,$0.00,$0.00,$11.32,$3.00,$0.00,3/9/2026,"Goodwill Industries of Michiana, Inc."
61055065,3/9/2026,257808795,Vintage Brass Orient Express Table Lamp W/ Claw Feet,For The Home > Home Decor > Lamps/Lighting,1,$7.99,3/8/2026,3/9/2026,$43.83,399547414529	,$0.00,$0.00,$33.84,$2.00,$0.00,3/12/2026,"Goodwill Industries of Central Illinois, Inc."
61055092,3/9/2026,257285826,"Lot of 7 Books & Magazines, 3 Rpg Rulebooks, 4 Magazines",Books,1,$42.00,3/7/2026,3/9/2026,$73.33,399511573611	,$0.00,$0.00,$17.34,$4.00,$0.00,3/11/2026,"Goodwill Industries of Central Illinois, Inc."
61055092,3/9/2026,257365999,Vintage G-iii Men Black Full Length Trench Coat - Size Large,Clothing > Men's Clothing > Outerwear,1,$9.99,3/8/2026,3/9/2026,$73.33,399511573611	,$0.00,$0.00,$17.34,$4.00,$0.00,3/11/2026,"Goodwill Industries of Central Illinois, Inc."
61055114,3/9/2026,257191038,Lot of 2 Women's Corset Bustier Tops Red Black Steampunk Gothic Size Small,Clothing > Women's Clothing > Vests > Size 2,1,$52.88,3/8/2026,3/9/2026,$65.76,399495759290	,$0.00,$0.00,$10.88,$2.00,$0.00,3/10/2026,Rappahannock Goodwill Industries Inc.
61055998,3/9/2026,257374530,"Dungeons & Dragons Attack X Wing Miniatures, Dice, Book",Toys/Dolls/Games,1,$36.00,3/8/2026,3/9/2026,$73.41,889464544137	,$0.00,$0.00,$20.42,$7.00,$0.00,3/10/2026,Goodwill of Greater Grand Rapids
61055998,3/9/2026,257725829,Unknown Womens Boots Brown Leather Lace-Up,Clothing > Women's Clothing > Shoes Women's,1,$9.99,3/9/2026,3/9/2026,$73.41,889464544137	,$0.00,$0.00,$20.42,$7.00,$0.00,3/10/2026,Goodwill of Greater Grand Rapids
61078643,3/10/2026,256716167,"Dungeons & Dragons Essentials Kit, Spellbook Cards, and Dungeon Mayhem Set",Toys/Dolls/Games > Games,1,$19.99,3/4/2026,3/10/2026,$130.32,495575442170	,$0.00,$0.00,$13.69,$6.00,$0.00,3/1/2026,Goodwill Industries of the Columbia Willamette
61078643,3/10/2026,257156778,Set of Four Wooden Walking Sticks with Decorative Handles,Sports > Sporting Equipment > Health & Fitness,1,$34.64,3/9/2026,3/10/2026,$130.32,495575442170	,$0.00,$0.00,$13.69,$6.00,$0.00,3/1/2026,Goodwill Industries of the Columbia Willamette
61078643,3/10/2026,257191751,2 HeroQuest Expansion Packs: Return of the Witch Lord & The Frozen Horror,Toys/Dolls/Games > Games,1,$56.00,3/9/2026,3/10/2026,$130.32,495575442170	,$0.00,$0.00,$13.69,$6.00,$0.00,3/1/2026,Goodwill Industries of the Columbia Willamette
61078677,3/10/2026,257289775,Limited Edition 'The Hobbit: An Unexpected Journey' FilmCells Wall Art,Collectibles,1,$34.00,3/9/2026,3/17/2026,$52.70,399771811597	,$0.00,$0.00,$16.71,$1.99,$0.00,3/19/2026,Goodwill Industries of Arkansas - NWA
61078698,3/10/2026,256697038,Lot of Wiccan Magic and Energy Books - Paperbacks - One Calendar,Books > Reference,1,$66.65,3/3/2026,3/10/2026,$128.68,889652155021	,$0.00,$0.00,$16.06,$0.00,$0.00,3/16/2026,"Goodwill Industries of West Michigan, Inc."
61078698,3/10/2026,257227571,WHBM White House Black Market Blue Sequin Tweed Jacket Women's Size 4 w/ Tag,Clothing > Women's Clothing > Outerwear > Size 4,1,$17.00,3/9/2026,3/10/2026,$128.68,889652155021	,$0.00,$0.00,$16.06,$0.00,$0.00,3/16/2026,"Goodwill Industries of West Michigan, Inc."
61078698,3/10/2026,257272444,Michael Kors Women's Sz 7M Black Heels,Clothing > Women's Clothing > Shoes Women's,1,$9.99,3/9/2026,3/10/2026,$128.68,889652155021	,$0.00,$0.00,$16.06,$0.00,$0.00,3/16/2026,"Goodwill Industries of West Michigan, Inc."
61078698,3/10/2026,257303286,Juicy Couture Black Velour Cropped Hooded Shirt Women's Size Medium,Clothing > Women's Clothing > Shirts/Blouses,1,$11.99,3/9/2026,3/10/2026,$128.68,889652155021	,$0.00,$0.00,$16.06,$0.00,$0.00,3/16/2026,"Goodwill Industries of West Michigan, Inc."
61078698,3/10/2026,257306182,Westerner Leather Tool Belt,Tools,1,$6.99,3/9/2026,3/10/2026,$128.68,889652155021	,$0.00,$0.00,$16.06,$0.00,$0.00,3/16/2026,"Goodwill Industries of West Michigan, Inc."
61078784,3/10/2026,257511645,Universal Studios Collectible Interactive Wand: Wizarding World Of Harry Potter,Collectibles,1,$11.99,3/9/2026,3/17/2026,$25.12,399805257355	,$0.00,$0.00,$13.13,$0.00,$0.00,3/20/2026,Goodwill of Greater Washington D.C. -VA
61243409,3/17/2026,257336089,Red Hobbit Graphic T-Shirt - The Traveling Company Design - Medium,Clothing > Men's Clothing > Shirts > Size M,1,$9.99,3/10/2026,3/17/2026,$20.14,9400109105114685575906	,$0.00,$0.00,$8.16,$1.99,$0.00,3/18/2026,Falls Creek NCPA
61243426,3/17/2026,257405998,Metal Polyhedral Dice Set with Revolver Style Case,Crafts & Hobbies,1,$34.97,3/9/2026,3/17/2026,$39.92,399955550540	,$0.00,$0.00,$0.01,$4.94,$0.00,3/25/2026,Goodwill - West Texas
61243453,3/17/2026,257288062,NWT Dolls Kill x Horror IT Pennywise Clown Platform Boots,Clothing > Women's Clothing > Shoes Women's > Size 10,1,$53.99,3/9/2026,3/17/2026,$67.21,399744394688	,$0.00,$0.00,$11.23,$1.99,$0.00,3/18/2026,"Goodwill Industries of Arkansas, Inc."
61243556,3/17/2026,257346164,La Perla Corset Butler Blazer Women's Size 8 with Tags,Clothing > Women's Clothing > Blazers > Size 8,1,$332.00,3/9/2026,3/17/2026,$382.63,399789681843	,$0.00,$0.00,$23.65,$5.98,$0.00,3/20/2026,Goodwill of Central & Southern Indiana
61243556,3/17/2026,257354964,Harry Potter Sirius Black and Death Eater Wands with Map,Toys/Dolls/Games > Toys,1,$21.00,3/11/2026,3/17/2026,$382.63,399789681843	,$0.00,$0.00,$23.65,$5.98,$0.00,3/20/2026,Goodwill of Central & Southern Indiana
61243925,3/17/2026,257285585,SS 925 Vintage Signed HAN Sterling Celestial Sun & Moon Thick Band Ring - 8,Jewelry & Gemstones > Rings,1,$16.00,3/9/2026,3/17/2026,$28.87,889735825110	,$0.00,$0.00,$9.88,$2.99,$0.00,3/18/2026,Goodwill Industries of Kentucky
61243960,3/17/2026,257389335,Vintage L Frank Baum Random House Reilly Lee Wizard Of Oz Books,Books > Antique/Collectible,1,$24.00,3/10/2026,3/17/2026,$68.14,399777280051	,$0.00,$0.00,$11.26,$4.00,$0.00,3/19/2026,Goodwill Industries of New Mexico
61243960,3/17/2026,257709142,Green Witch Oracle Tarot Card Deck Divination Wooden Box Gemstones Collectible,Collectibles,1,$28.88,3/13/2026,3/17/2026,$68.14,399777280051	,$0.00,$0.00,$11.26,$4.00,$0.00,3/19/2026,Goodwill Industries of New Mexico
61243989,3/17/2026,257281301,Wizards Of The Coast Dungeon And Dragons Campaign Creature And Terrain Kits,Toys/Dolls/Games > Games,1,$26.88,3/9/2026,3/17/2026,$44.94,380030987759	,$0.00,$0.00,$16.06,$2.00,$0.00,3/28/2026,Goodwill Industries of Northwest Ohio
61244031,3/17/2026,257191930,2 HeroQuest Quest Packs - Rise of the Dread Moon & Prophecy of Telor,Toys/Dolls/Games > Games,1,$36.11,3/9/2026,3/17/2026,$47.78,495575076317	,$0.00,$0.00,$9.67,$2.00,$0.00,3/23/2026,Goodwill Industries of the Columbia Willamette
61244050,3/17/2026,257192211,HeroQuest Game System: First Light and Crypt of Perpetual Darkness Expansion Set,Toys/Dolls/Games > Games,1,$66.00,3/9/2026,3/17/2026,$77.90,495575076420	,$0.00,$0.00,$9.90,$2.00,$0.00,3/23/2026,Goodwill Industries of the Columbia Willamette
61244083,3/17/2026,257478916,Paladone Harry Potter Golden Snitch Bell Jar Light Decor,Collectibles,1,$9.99,3/9/2026,3/17/2026,$26.28,889775816829	,$0.00,$0.00,$12.79,$3.50,$0.00,3/19/2026,Goodwill of Greater Grand Rapids
61244150,3/17/2026,256937021,Enny Bros Company Black Felt Cowboy Hat Size 7 Style Waco,Sports > Sporting Equipment > Dance,1,$9.99,3/7/2026,3/17/2026,$23.89,889831485431	,$0.00,$0.00,$11.40,$2.50,$0.00,3/20/2026,Goodwill of Orange County
61244190,3/17/2026,257573759,Vintage Westclox Pocket Watch Mechanical Wind-up W/ Fob & Box,Miscellaneous > Pocket Knives,1,$23.00,3/10/2026,3/17/2026,$35.94,399763894871	,$0.00,$0.00,$10.94,$2.00,$0.00,3/19/2026,"Goodwill Industries of Central Illinois, Inc."
61244206,3/17/2026,257614651,The Wizarding World of Harry Potter - Harry Potter's Wand,Collectibles,1,$6.26,3/10/2026,3/17/2026,$20.13,399737305033	,$0.00,$0.00,$9.88,$3.99,$0.00,3/18/2026,"Goodwill Industries of Central North Carolina, Inc."
61244230,3/17/2026,257466657,Dungeons & Dragons Starter Set - Stranger Things Edition (Factory Sealed),Toys/Dolls/Games > Games,1,$51.00,3/12/2026,3/18/2026,$64.34,399800904760	,$0.00,$0.00,$11.34,$2.00,$0.00,3/20/2026,Ohio Valley Goodwill Industries
61281862,3/18/2026,257676476,Universal Studios Harry Potter Professor Severus Snape's Wand-Open Box,Collectibles,1,$11.00,3/11/2026,3/18/2026,$24.43,399796870534	,$0.00,$0.00,$10.43,$3.00,$0.00,3/20/2026,"Goodwill Industries of Michiana, Inc."
61281915,3/18/2026,257706978,Grab Bag Lot of Assorted Gaming Dice,Gaming Systems & Games,1,$19.25,3/14/2026,3/18/2026,$31.03,441366761931	,$0.00,$0.00,$8.78,$3.00,$0.00,3/20/2026,Goodwill Industries of the Inland Northwest
61281978,3/18/2026,257676159,Leather Bound Evil Eye Journal,Crafts & Hobbies > Art Supplies,1,$25.99,3/11/2026,3/18/2026,$39.18,399776548028	,$0.00,$0.00,$10.20,$2.99,$0.00,3/19/2026,Goodwill of Colorado
61282007,3/18/2026,257559732,Assorted Dice & Dice Bag Bundle,Collectibles,1,$20.99,3/12/2026,3/18/2026,$36.36,889817005418	,$0.00,$0.00,$11.38,$3.99,$0.00,3/20/2026,Goodwill of North Central Wisconsin
61282044,3/18/2026,257456946,SEALED LEGO Games The Hobbit an Unexpected Journey 3920 Game Set,Toys/Dolls/Games > Games,1,$29.00,3/11/2026,3/18/2026,$43.13,399797955062	,$0.00,$0.00,$12.13,$2.00,$0.00,3/20/2026,Goodwill of Southwestern Pennsylvania
61282097,3/18/2026,257366651,Demonia Glitter Platform Boots with Red Handles,Clothing > Women's Clothing > Shoes Women's,1,$49.99,3/11/2026,3/18/2026,$74.95,517399644936	,$0.00,$0.00,$0.02,$0.00,$0.00,3/23/2026,Goodwill of the Olympics and Rainier Region
61282097,3/18/2026,257547223,"J.R.R. Tolkien Book Collection: The Hobbit, The Lord of the Rings, The Silmarill",Books > Fiction > Fantasy,1,$24.94,3/12/2026,3/18/2026,$74.95,517399644936	,$0.00,$0.00,$0.02,$0.00,$0.00,3/23/2026,Goodwill of the Olympics and Rainier Region
61282188,3/18/2026,257399913,Lot Of 3 Vintage 1980's Dungeons & Dragons Books,Books > Fiction > Fantasy,1,$27.00,3/10/2026,3/18/2026,$38.80,399774454841	,$0.00,$0.00,$8.80,$3.00,$0.00,3/19/2026,Goodwill Industries of the Redwood Empire
61282217,3/18/2026,257624455,Ghost Busters Jacket Size- Men's Medium,Clothing > Men's Clothing,1,$13.00,3/10/2026,3/18/2026,$27.33,889811114347	,$0.00,$0.00,$11.34,$2.99,$0.00,3/20/2026,Goodwill Industries of the Summit
61282244,3/18/2026,257446343,Warhammer Age of Sigmar Helsmiths of Hashut Hardcover Book 2025 Games Workshop,Toys/Dolls/Games > Games,1,$16.00,3/11/2026,3/18/2026,$27.34,889942832050	,$0.00,$0.00,$11.34,$0.00,$0.00,3/24/2026,"Goodwill Industries of West Michigan, Inc."
61282283,3/18/2026,257413802,Ollivanders Interactive Wand From Wizarding World Of Harry Potter Franchise,Collectibles,1,$11.99,3/10/2026,3/18/2026,$26.23,399825064982	,$0.00,$0.00,$10.74,$3.50,$0.00,3/21/2026,Goodwill of Central & Northern Arizona
61282418,3/18/2026,257588968,The Hobbit & The Lord of the Rings Trilogy Faux Leather Binding by J.R.R Tolkien,Books,1,$16.55,3/10/2026,3/18/2026,$30.29,889894210660	,$0.00,$0.00,$10.74,$3.00,$0.00,3/23/2026,Goodwill of Central Iowa
61282461,3/18/2026,257651679,Vintage Tsr Roleplaying Sourcebooks Dungeons & Dragons + Marvel + Gamma World,Toys/Dolls/Games > Games,1,$73.55,3/13/2026,3/18/2026,$89.88,399822092398	,$0.00,$0.00,$13.34,$2.99,$0.00,3/21/2026,Goodwill-Easter Seals MN
61282493,3/18/2026,257585010,NWT Women's Story On Burgundy Faux Leather Corset Crop Top Size - S,Clothing > Women's Clothing,1,$23.99,3/12/2026,3/18/2026,$24.00,399869858602	,$0.00,$0.00,$0.01,$0.00,$0.00,3/23/2026,Goodwill Keystone Area - Reading
61282511,3/18/2026,257587874,Boho Whimsigothic Eclectic Artsy Folk Bulk Reseller Wholesale Clothing Lot 11lbs,Clothing,1,$31.00,3/12/2026,3/18/2026,$47.99,889778175092	,$0.00,$0.00,$14.99,$2.00,$0.00,3/19/2026,Goodwill Industries of Northern Illinois
61282564,3/18/2026,257597585,Lot of 13 Magic the Gathering 20 Sided Dice Mtg,Toys/Dolls/Games > Games,1,$25.00,3/12/2026,3/18/2026,$33.80,9400136208303476731641	,$0.00,$0.00,$8.80,$0.00,$0.00,3/28/2026,Goodwill Industries of San Francisco
61302910,3/19/2026,257847292,Dreams By Boris Vallejo Hardcover Book,Collectibles,1,$7.99,3/13/2026,3/19/2026,$34.82,399825171130	,$0.00,$0.00,$10.84,$8.00,$0.00,3/21/2026,Goodwill Industries of Southern Arizona
61302910,3/19/2026,258449343,Ornate Belt,Clothing > Women's Clothing > Accessories,1,$7.99,3/19/2026,3/19/2026,$34.82,399825171130	,$0.00,$0.00,$10.84,$8.00,$0.00,3/21/2026,Goodwill Industries of Southern Arizona
61302996,3/19/2026,258411586,Decorative Wooden Walking Stick,Miscellaneous,1,$12.00,3/19/2026,3/19/2026,$26.74,399824824311	,$0.00,$0.00,$10.74,$4.00,$0.00,3/21/2026,Goodwill Industries of Southern Arizona
61341613,3/21/2026,258913045,The Grave Girls Black Vintage Y2K Corduroy Faux Fur Goth Jacket Women's Size S,Clothing > Women's Clothing > Retro/Vintage,1,$14.99,3/21/2026,3/21/2026,$29.09,399882053797	,$0.00,$0.00,$14.10,$0.00,$0.00,3/23/2026,Goodwill Southern California
61366008,3/22/2026,258650763,Vintage 1981 TSR Dungeons & Dragons Basic Set Box w/ Module B2 & Dice,Toys/Dolls/Games > Toys > Vintage,1,$137.00,3/21/2026,3/22/2026,$151.38,889976117747	,$0.00,$0.00,$10.88,$3.50,$0.00,3/25/2026,Goodwill Columbus
61366022,3/22/2026,258569015,AVP THE HUNT BEGINS 2ND EDITION BOARD GAME MINIATURES COLLECTIBLE LOT,Toys/Dolls/Games > Games,1,$126.99,3/21/2026,3/22/2026,$145.13,513430808240	,$0.00,$0.00,$13.64,$4.50,$0.00,3/27/2026,Goodwill Industries of San Antonio
61366201,3/22/2026,258230332,Dragons and Beasties Inferno Dice Dragon Vinyl Figure Boxed,Collectibles > Figurines,1,$7.99,3/19/2026,3/25/2026,$21.87,870115327156	,$0.00,$0.00,$10.88,$3.00,$0.00,3/30/2026,Goodwill of Southeast Georgia
61417470,3/25/2026,258684166,Fantasy And Rpg Magazines 1990s Roleplaying Game Books,Books > Reference,1,$12.99,3/24/2026,3/25/2026,$28.52,9434636208303386256410	,$0.00,$0.00,$12.53,$3.00,$0.00,3/25/2026,Goodwill Industries of Central Texas
61417554,3/25/2026,258742705,Star Trek & Star Wars Lot of 4 Hallmark Ornament Phaser Remote Voyager Falcon,Collectibles,1,$13.00,3/23/2026,3/25/2026,$27.23,380101546802	,$0.00,$0.00,$10.88,$3.35,$0.00,3/31/2026,Goodwill Industries of Greater Cleveland & East Central Ohio
61417706,3/25/2026,258773371,Vintage Star Wars Escape From Death Star Board Game 1977,Toys/Dolls/Games > Games,1,$21.00,3/23/2026,3/25/2026,$33.87,399948219588	,$0.00,$0.00,$10.88,$1.99,$0.00,3/25/2026,"Goodwill Industries of KYOWVA Area, Inc."
61417730,3/25/2026,258657607,Arnold Lieb Vallejo Black Fur Collar Jacket 22 Inch Width,Clothing > Children's Clothing > Outerwear Girls' > Size L,1,$41.00,3/24/2026,3/25/2026,$53.41,889980686044	,$0.00,$0.00,$8.41,$4.00,$0.00,3/25/2026,Goodwill Industries of Lane & South Coast Counties
61417920,3/25/2026,258464156,"Lot of Assorted Trading Cards - Vtg Fantasy Art, Ken Kelly, Frank Frazetta, etc.",Collectibles > Sports Cards/Trading Cards,1,$9.99,3/20/2026,3/25/2026,$24.19,399946835680	,$0.00,$0.00,$10.20,$4.00,$0.00,3/25/2026,Goodwill Industries of Southern Arizona
61417946,3/25/2026,258412100,"5 RPG Books and Sets: Zweihander, Infinity, World of Warcraft, D&D, Warhammer",Toys/Dolls/Games > Games > Puzzles,1,$37.99,3/19/2026,3/25/2026,$50.60,870094438018	,$0.00,$0.00,$10.61,$2.00,$0.00,3/29/2026,Goodwill Industries of the Columbia Willamette
61417971,3/25/2026,258567385,Filson Dark Green Merino Wool Long Sleeve Shirt - XL,Clothing > Men's Clothing > Shirts,1,$23.00,3/24/2026,3/25/2026,$34.93,501450832426	,$0.00,$0.00,$8.93,$3.00,$0.00,3/27/2026,Goodwill Industries of the Inland Northwest
61418031,3/25/2026,258675628,Small Lot of Ken Kelly Fantasy Trading Cards,Collectibles > Sports Cards/Trading Cards,1,$9.99,3/24/2026,3/25/2026,$23.12,870251826408	,$0.00,$0.00,$10.88,$2.25,$0.00,4/2/2026,Richmond - Goodwill of Central & Coastal Virginia
61471476,3/27/2026,258972731,NIB Battlelore Second Edition Board Game By Fantasy Flight Games,Toys/Dolls/Games > Games,1,$68.50,3/25/2026,3/27/2026,$87.84,380058925786	,$0.00,$0.00,$19.34,$0.00,$0.00,3/30/2026,Goodwill of Greater Washington D.C. -VA
61471480,3/27/2026,258789153,Assorted Lot Of Dungeons & Dragons Memorabilia,Toys/Dolls/Games,1,$66.88,3/25/2026,3/27/2026,$91.71,870342320036	,$0.00,$0.00,$21.84,$2.99,$0.00,4/6/2026,Goodwill Industries of the Summit
61471553,3/27/2026,258792440,Dungeons & Dragons Themed Shoulder Bag with Skull Design,Travel/Luggage,1,$39.99,3/26/2026,3/27/2026,$40.00,92419931507372543475168900	,$0.00,$0.00,$0.01,$0.00,$0.00,4/1/2026,Goodwill of the Olympics and Rainier Region
61471589,3/27/2026,258953380,"Vintage Hasbro G.I Joe Raven S3P, Stellar Stiletto, Conquest X-30 Aircrafts",Toys/Dolls/Games > Toys > Vintage,1,$12.99,3/25/2026,3/27/2026,$59.12,380118593799	,$0.00,$0.00,$42.14,$3.99,$0.00,3/31/2026,Goodwill Monocacy Valley
61471617,3/27/2026,258943195,"Dungeons & Dragons Lot with Dice, Dice Tower, Books, Starter Kit & More",Toys/Dolls/Games > Games,1,$57.00,3/25/2026,3/27/2026,$76.47,380057283062	,$0.00,$0.00,$16.48,$2.99,$0.00,3/30/2026,Goodwill of Central & Southern Indiana
61492017,3/28/2026,259100279,6 Lbs. Of Loose Unsorted Mixed Gaming Dice,Toys/Dolls/Games > Games > Puzzles,1,$128.00,3/27/2026,3/28/2026,$140.61,870235841099	,$0.00,$0.00,$10.61,$2.00,$0.00,4/1/2026,Goodwill Industries of the Columbia Willamette
61492078,3/28/2026,258971580,Approx. 17'' Long Battlestar Galactica Moebius Plastic Model (B52A),Collectibles > Figurines,1,$61.00,3/27/2026,3/28/2026,$83.37,870214151357	,$0.00,$0.00,$20.12,$2.25,$0.00,4/1/2026,Hampton – Goodwill of Central & Coastal Virginia
61492131,3/28/2026,258867146,Vintage Dungeons & Dragons Monster Manual & Citadel Miniatures Catalog,Books > Antique/Collectible,1,$49.99,3/27/2026,3/28/2026,$50.00,520331463292	,$0.00,$0.00,$0.01,$0.00,$0.00,4/1/2026,Goodwill of the Olympics and Rainier Region
61508774,3/29/2026,259179696,DUNGEONS AND DRAGONS DRAGONLANCE WARRIORS OF KRYNN BOARD GAME & ESSENTIALS KIT,Toys/Dolls/Games,1,$52.51,3/28/2026,3/29/2026,$75.14,513430815826	,$0.00,$0.00,$18.63,$4.00,$0.00,4/2/2026,Goodwill Industries of San Antonio
61580293,4/1/2026,259325921,Lot Of 2 1980 Dungeons & Dragons Basic Set In Its Original Box ( Not Inventory ),Miscellaneous,1,$133.00,3/31/2026,4/1/2026,$148.24,380230225140	,$0.00,$0.00,$11.74,$3.50,$0.00,4/4/2026,Goodwill of Central & Northern Arizona
61598514,4/1/2026,259258728,John Carter of Mars RPG Core Rulebook and Campaign Guide Set,Gaming Systems & Games,1,$61.88,4/1/2026,4/2/2026,$61.89,520331495298	,$0.00,$0.00,$0.01,$0.00,$0.00,4/8/2026,Goodwill of the Olympics and Rainier Region
61611885,4/2/2026,259270760,Lot of 3 Dungeons and Dragons Endless Quest Books CYOA Cleric Fighter Rogue,Books > Collections/Sets,1,$41.00,3/31/2026,4/2/2026,$52.81,380214329520	,$0.00,$0.00,$11.81,$0.00,$0.00,4/3/2026,Goodwill of Northern New England
61611916,4/2/2026,259190801,Advanced Dungeons & Dragons Cardmaster Adventure Design Deck 1993 IOB,Toys/Dolls/Games > Games,1,$56.00,3/30/2026,4/2/2026,$70.78,870440405142	,$0.00,$0.00,$12.53,$2.25,$0.00,4/8/2026,Richmond - Goodwill of Central & Coastal Virginia
61625210,4/2/2026,259519587,"Dungeons & Dragons v3.5 Handbook, Dungeon Master's Guide & Monster Manual & More",Books > Reference,1,$130.00,4/2/2026,4/2/2026,$147.28,870387826478	,$0.00,$0.00,$14.28,$3.00,$0.00,4/7/2026,"Goodwill Industries of the Chesapeake, Inc."
61625263,4/2/2026,259519633,Dungeons & Dragons Book of Exalted Deeds,Toys/Dolls/Games > Games > Puzzles,1,$61.00,4/2/2026,4/2/2026,$74.49,380210060306	,$0.00,$0.00,$10.74,$2.75,$0.00,4/3/2026,Goodwill South Central California
61625775,4/3/2026,260225192,Unisex Darkrock Black With Graphics Goth/street/baggy Cargo Pants - Size L,Clothing > Men's Clothing > Pants,1,$19.99,4/3/2026,4/3/2026,$33.49,380245136490	,$0.00,$0.00,$10.00,$3.50,$0.00,4/6/2026,Goodwill Northern Michigan
61637885,4/3/2026,259505065,Punk Rave XL Black Sleeveless Vest with Buckles and Lace-Up Details,Clothing > Women's Clothing > Vests > Size XL,1,$29.98,4/3/2026,4/3/2026,$36.98,870347985031	,$0.00,$0.00,$5.00,$2.00,$0.00,4/6/2026,Goodwill of Central & Southern Indiana
61638693,4/3/2026,258592110,The Arkham Asylum Files: Panic In Gotham City Puzzle Game,Toys/Dolls/Games,1,$7.99,4/3/2026,4/3/2026,$25.92,380336099630	,$0.00,$0.00,$14.94,$2.99,$0.00,4/8/2026,Goodwill-Easter Seals MN
61642512,4/3/2026,259480438,"Tripp NYC Black Patent Pants with Zipper Details, Size 29/9",Clothing > Men's Clothing > Pants > Size 29,1,$42.00,4/3/2026,4/3/2026,$161.97,520331509004	,$0.00,$0.00,$0.04,$0.00,$0.00,4/9/2026,Goodwill of the Olympics and Rainier Region
61642512,4/3/2026,259627091,"Classiques Entier Women's Leather Jacket, Size M, Made in China",Clothing > Women's Clothing > Outerwear > Size M,1,$39.98,4/3/2026,4/3/2026,$161.97,520331509004	,$0.00,$0.00,$0.04,$0.00,$0.00,4/9/2026,Goodwill of the Olympics and Rainier Region
61642512,4/3/2026,259627127,"Tripp NYC Black Lace Hoodie with Zipper and Lace-Up Detail, Size 3",Clothing > Women's Clothing > Hoodies,1,$39.98,4/3/2026,4/3/2026,$161.97,520331509004	,$0.00,$0.00,$0.04,$0.00,$0.00,4/9/2026,Goodwill of the Olympics and Rainier Region
61642512,4/3/2026,259627553,AC/DC Stiff Upper Lip 2000/01 Tour Graphic T-Shirt - XS,Clothing > Men's Clothing > Shirts,1,$39.97,4/3/2026,4/3/2026,$161.97,520331509004	,$0.00,$0.00,$0.04,$0.00,$0.00,4/9/2026,Goodwill of the Olympics and Rainier Region
61647720,4/3/2026,259774612,"Harry Potter Collectible Set: Wands, Mug, Playing Cards, Pins",Collectibles > Figurines,1,$19.99,4/3/2026,4/3/2026,$33.95,870348066016	,$0.00,$0.00,$11.96,$2.00,$0.00,4/6/2026,Goodwill Industries of the Columbia Willamette
61647732,4/3/2026,259641827,Fantasy Rpg Gaming Accessory Dungeons & Dragons Mini Dice Cups Bundle,Collectibles,1,$142.22,4/3/2026,4/3/2026,$158.07,380335993114	,$0.00,$0.00,$12.85,$3.00,$0.00,4/8/2026,"Goodwill Industries of Greater Nebraska, Inc."
61647740,4/3/2026,259648357,Cyberpunk Tactical Helmet Futuristic Cosplay Mask With Led Lights Black,Clothing > Eyewear,1,$37.00,4/3/2026,4/3/2026,$49.79,380265408548	,$0.00,$0.00,$11.79,$1.00,$0.00,4/6/2026,Goodwill Industries of Greater New York and Northern New Jersey
61647748,4/3/2026,259797272,CEEHUTEEY Brown Sleeveless Double-Breasted Vest XS,Clothing > Children's Clothing > Outerwear Boys' > Size S,1,$14.99,4/3/2026,4/3/2026,$20.98,870405721822	,$0.00,$0.00,$5.99,$0.00,$0.00,4/7/2026,Goodwill Industries of the Columbia Willamette
61666658,4/5/2026,259880926,NWT Wmns 90s Vintage ADRIANNA PAPELL Purple Black Mesh Long Goth Formal Dress 12,Clothing > Women's Clothing > Retro/Vintage,1,$34.00,4/4/2026,4/5/2026,$34.01,870363069162	,$0.00,$0.00,$0.01,$0.00,$0.00,4/6/2026,"Goodwill Industries of South Central Wisconsin, Inc."
61666662,4/5/2026,259027171,Women's Migliorini Dark Brown Boots Size 8,Clothing > Women's Clothing > Shoes Women's,1,$7.99,4/4/2026,4/5/2026,$61.57,870479714925	,$0.00,$0.00,$22.59,$3.00,$0.00,4/9/2026,Goodwill Industries of the Southern Piedmont
61666662,4/5/2026,259845222,Lot of 3 Harry Potter Wands,Collectibles,1,$27.99,4/3/2026,4/5/2026,$61.57,870479714925	,$0.00,$0.00,$22.59,$3.00,$0.00,4/9/2026,Goodwill Industries of the Southern Piedmont
61666667,4/5/2026,259638707,Harry Potter Collector's Lot: 4 Wands & DVD Set (As Is Pre-Owned),Toys/Dolls/Games,1,$21.99,4/3/2026,4/5/2026,$38.76,380335263914	,$0.00,$0.00,$14.77,$2.00,$0.00,4/8/2026,Goodwill of North Georgia
61681894,4/5/2026,259852259,Lucyfire Women's Goth Aesthetic Punk A-Line Lace Gothic Noir Black 2XL Skirt,Clothing > Women's Clothing > Skirts > Size 2X,1,$26.00,4/4/2026,4/5/2026,$31.99,496194838352	,$0.00,$0.00,$5.99,$0.00,$0.00,4/7/2026,Goodwill Industries of the Columbia Willamette
61681945,4/5/2026,259848043,HARRY POTTER COLLECTIBLE WIZARDING WORLD REPLICA WANDS BOXED,Collectibles > Hollywood Memorabilia,1,$27.00,4/4/2026,4/5/2026,$43.95,513430822622	,$0.00,$0.00,$12.95,$4.00,$0.00,4/8/2026,Goodwill Industries of San Antonio
61682013,4/5/2026,259967283,Odds 'N Evens Women's Vintage Y2K Goth Low Rise Gothic Skull Black Large Skirt,Clothing > Women's Clothing > Skirts > Size L,1,$19.99,4/5/2026,4/5/2026,$25.98,496194837963	,$0.00,$0.00,$5.99,$0.00,$0.00,4/7/2026,Goodwill Industries of the Columbia Willamette
61682033,4/5/2026,259989690,Eileen Fisher Women's Corporate Goth Aesthetic Minimalist Black Small Skirt,Clothing > Women's Clothing > Skirts > Size S,1,$19.99,4/5/2026,4/5/2026,$25.98,496194838205	,$0.00,$0.00,$5.99,$0.00,$0.00,4/7/2026,Goodwill Industries of the Columbia Willamette
61682688,4/5/2026,259953963,Demonia Riot 14 Black Leather Goth Combat Boots Men's Size 12,Clothing > Men's Clothing > Shoes Men's > Size 12,1,$51.00,4/5/2026,4/5/2026,$74.80,870447707755	,$0.00,$0.00,$21.80,$2.00,$0.00,4/8/2026,Goodwill of Central & Southern Indiana
61682768,4/5/2026,259989205,Tabletop RPG Book Lot Alien Battletech Starfinder Cortex Game Handbook,Books,1,$90.88,4/5/2026,4/5/2026,$107.23,870448973920	,$0.00,$0.00,$12.86,$3.49,$0.00,4/8/2026,Goodwill Industries of Ventura and Santa Barbara Counties
61682786,4/5/2026,259977700,Unique & Rhinestone Stone Seed Bead & Steam Punk Costume Jewelry Lot,Jewelry & Gemstones > Jewelry Sets,1,$14.99,4/5/2026,4/5/2026,$18.99,380395013953	,$0.00,$0.00,$0.01,$3.99,$0.00,4/10/2026,Goodwill of Southwestern Pennsylvania
61682924,4/5/2026,260265282,Tripp NYC Black Faux Leather Jacket - Size L,Clothing > Women's Clothing > Outerwear > Size L,1,$44.97,4/5/2026,4/5/2026,$44.98,520331506483	,$0.00,$0.00,$0.01,$0.00,$0.00,4/9/2026,Goodwill of the Olympics and Rainier Region
61684014,4/6/2026,259926909,Wms Vintage 90 Y2K Magenta Crushed Velvet Floral LS Dress Steve Madden Size Med,Clothing > Women's Clothing > Dresses,1,$19.99,4/6/2026,4/6/2026,$33.73,9434636106616274394198	,$0.00,$0.00,$10.74,$3.00,$0.00,4/7/2026,Goodwill of Greater Milwaukee and Chicago
61684067,4/6/2026,260433994,Vtg Y2K City Triangles Babydoll Dress Size M Black Asymmetric Embellished Retro,Clothing > Women's Clothing > Dresses,1,$9.99,4/6/2026,4/6/2026,$19.72,380251939029	,$0.00,$0.00,$9.73,$0.00,$0.00,4/6/2026,MERS/Missouri Goodwill Industries
61705937,4/6/2026,259858667,Collection of Vintage Sourcebooks for the Shadowrun RPG,Books,1,$59.00,4/6/2026,4/6/2026,$194.09,380406084133	,$0.00,$0.00,$16.01,$10.00,$0.00,4/10/2026,Goodwill Industries of New Mexico
61705937,4/6/2026,259865402,Collection of Vintage Sourcebooks for the Shadowrun RPG,Books,1,$23.10,4/6/2026,4/6/2026,$194.09,380406084133	,$0.00,$0.00,$16.01,$10.00,$0.00,4/10/2026,Goodwill Industries of New Mexico
61705937,4/6/2026,259865700,Collection of Vintage Sourcebooks for the Shadowrun RPG,Books,1,$27.99,4/6/2026,4/6/2026,$194.09,380406084133	,$0.00,$0.00,$16.01,$10.00,$0.00,4/10/2026,Goodwill Industries of New Mexico
61705937,4/6/2026,259866776,Collection of Vintage Sourcebooks for the Shadowrun RPG,Books,1,$29.00,4/6/2026,4/6/2026,$194.09,380406084133	,$0.00,$0.00,$16.01,$10.00,$0.00,4/10/2026,Goodwill Industries of New Mexico
61705937,4/6/2026,259867876,Collection of Vintage Sourcebooks for the Shadowrun RPG,Books,1,$28.99,4/6/2026,4/6/2026,$194.09,380406084133	,$0.00,$0.00,$16.01,$10.00,$0.00,4/10/2026,Goodwill Industries of New Mexico
61705986,4/6/2026,259866996,Collection of Vintage Sourcebooks for the Shadowrun RPG,Books,1,$33.00,4/6/2026,4/6/2026,$151.03,380405570649	,$0.00,$0.00,$14.81,$8.00,$0.00,4/10/2026,Goodwill Industries of New Mexico
61705986,4/6/2026,259867327,Collection of Vintage Sourcebooks for the Shadowrun RPG,Books,1,$33.00,4/6/2026,4/6/2026,$151.03,380405570649	,$0.00,$0.00,$14.81,$8.00,$0.00,4/10/2026,Goodwill Industries of New Mexico
61705986,4/6/2026,259867538,Collection of Vintage Sourcebooks for the Shadowrun RPG,Books,1,$31.00,4/6/2026,4/6/2026,$151.03,380405570649	,$0.00,$0.00,$14.81,$8.00,$0.00,4/10/2026,Goodwill Industries of New Mexico
61705986,4/6/2026,259867718,Collection of Vintage Sourcebooks for the Shadowrun RPG,Books,1,$31.22,4/6/2026,4/6/2026,$151.03,380405570649	,$0.00,$0.00,$14.81,$8.00,$0.00,4/10/2026,Goodwill Industries of New Mexico
61706028,4/6/2026,260081075,Lot Of 5 Pcs Dungeons And Dragons Boxed Sets Fantasy RPG Campaign Books,Books,1,$401.00,4/6/2026,4/6/2026,$421.45,870433257852	,$0.00,$0.00,$16.95,$3.50,$0.00,4/8/2026,Goodwill of Greater Grand Rapids
61706079,4/6/2026,260086109,Vintage Y2K Harley-Davidson 82001 Chunky Leather Lace-Up Moto Boots Size 7.5,Clothing > Women's Clothing > Shoes Women's > Size 7.5,1,$14.99,4/6/2026,4/6/2026,$27.52,380368477540	,$0.00,$0.00,$12.53,$0.00,$0.00,4/9/2026,Goodwill of Western Missouri & Eastern Kansas
61706139,4/6/2026,259881906,Vintage Brocade Jacket Women's Size M/L Black Pink Floral Print Open Front,Clothing > Women's Clothing > Outerwear,1,$14.99,4/6/2026,4/6/2026,$42.49,380438266021	,$0.00,$0.00,$10.50,$0.00,$0.00,4/13/2026,MERS/Missouri Goodwill Industries
61706139,4/6/2026,259881911,Vtg Y2K Lace Jacket Size XL Black Open Front Ruffled Collar Witchy Vamp Gothic,Clothing > Women's Clothing > Shirts/Blouses,1,$17.00,4/6/2026,4/6/2026,$42.49,380438266021	,$0.00,$0.00,$10.50,$0.00,$0.00,4/13/2026,MERS/Missouri Goodwill Industries
61706228,4/6/2026,260071065,"Vintage Y2K South Pole, Risk Jeans & Jungle & Co. Denim Shorts/Jeans Sz 34/36",Clothing > Children's Clothing > Shorts Boys',1,$49.00,4/6/2026,4/8/2026,$69.30,870590999618	,$0.00,$0.00,$18.30,$2.00,$0.00,4/13/2026,Goodwill of Central & Southern Indiana
61706443,4/6/2026,260037898,Vintage Y2K Cache Women's Navy Blue Beaded Sequin Sheer Wrap Evening Gown Sz 4,Clothing > Women's Clothing > Formalwear > Size 4,1,$51.00,4/6/2026,4/6/2026,$65.23,380354386280	,$0.00,$0.00,$10.88,$3.35,$0.00,4/9/2026,Goodwill Industries of Greater Cleveland & East Central Ohio
61706708,4/6/2026,260084982,Blanc Noir Women's Double Breasted Black Size M Steampunk Trench Coat,Clothing > Women's Clothing > Outerwear > Size M,1,$19.99,4/6/2026,4/6/2026,$25.98,495746057527	,$0.00,$0.00,$5.99,$0.00,$0.00,4/8/2026,Goodwill Industries of the Columbia Willamette
61706721,4/6/2026,259814745,Wicca & Witchcraft Book Bundle,Books,1,$51.00,4/6/2026,4/6/2026,$71.84,870610327835	,$0.00,$0.00,$17.84,$3.00,$0.00,4/13/2026,Goodwill Industries of Southwestern Michigan
61706785,4/6/2026,259879436,Women's Black Brighton Handbag C989981,Clothing > Women's Clothing > Purses,1,$14.99,4/6/2026,4/6/2026,$27.29,870399711292	,$0.00,$0.00,$8.81,$3.49,$0.00,4/7/2026,Goodwill Industries of Ventura and Santa Barbara Counties
61706814,4/6/2026,260044033,Fair Oaks Y2K Style Embellished Cross Filigree T-Shirt Women's Size M,Clothing > Women's Clothing > Shirts/Blouses,1,$14.99,4/6/2026,4/8/2026,$28.49,870619534222	,$0.00,$0.00,$10.50,$3.00,$0.00,4/13/2026,Goodwill of Central Iowa
61706833,4/6/2026,259920599,Vintage Y2K Nanette Lepore Women's Sweater Jacket Coat Gray Wool Blend Ruched M,Clothing > Women's Clothing > Sweaters > Size M,1,$10.99,4/6/2026,4/6/2026,$21.87,380522005223	,$0.00,$0.00,$10.88,$0.00,$0.00,4/15/2026,Goodwill of Western and Northern Connecticut
61739489,4/8/2026,258643642,"Tripp NYC Tiger Print Zip-Up Hoodie, Long Sleeve, Adult Size",Clothing > Children's Clothing > Hoodies Girls' > Size XL,1,$29.95,4/8/2026,4/8/2026,$36.95,870492237139	,$0.00,$0.00,$5.00,$2.00,$0.00,4/9/2026,Goodwill of Central & Southern Indiana
61742047,4/8/2026,260248959,Y2k Dkny Women's White Lace Long Sleeve Shirt Sz 10,Clothing > Women's Clothing > Shirts/Blouses,1,$7.99,4/7/2026,4/8/2026,$24.15,870651354817	,$0.00,$0.00,$13.17,$2.99,$0.00,4/14/2026,Goodwill Industries of North Florida
61744011,4/8/2026,259848720,"Lot of Four Collectible Vintage Books - Sherlock Holmes, & Harvard Classics",Books > Antique/Collectible,1,$26.00,4/6/2026,4/8/2026,$40.42,870601757878	,$0.00,$0.00,$14.42,$0.00,$0.00,4/13/2026,"Goodwill Industries of West Michigan, Inc."
61744047,4/8/2026,260192132,HARLEY DAVIDSON ALEXA BACK LACE LEATHER BOOTS BIKER GOTH WOMEN'S SIZE 9M,Clothing > Women's Clothing > Shoes Women's,1,$26.01,4/7/2026,4/8/2026,$43.80,513430827326	,$0.00,$0.00,$13.29,$4.50,$0.00,4/11/2026,Goodwill Industries of San Antonio
61744952,4/8/2026,260386333,EUC Unknown Brand Blue Multi Brocade Bead Embellished Sherwani Garment Men 38,Clothing > Men's Clothing > Suits > Size 38R,1,$16.99,4/7/2026,4/8/2026,$21.99,870521368439	,$0.00,$0.00,$0.01,$4.99,$0.00,4/10/2026,Goodwill Industries of Northeastern Pennsylvania
61756510,4/8/2026,259971301,Vintage Nemesis Black Punk Rock Star Leather Cuff Watch,Jewelry & Gemstones > Watches > Men's Watches,1,$14.99,4/7/2026,4/8/2026,$133.95,380400777198	,$0.00,$0.00,$13.32,$5.00,$0.00,4/10/2026,Goodwill of Central & Northern Arizona
61756510,4/8/2026,260085296,"925 Sterling Silver Scrollwork Dangle Earrings & 8"" Sodalite Bracelet 84.05g",Jewelry & Gemstones > Jewelry Sets,1,$23.00,4/8/2026,4/8/2026,$133.95,380400777198	,$0.00,$0.00,$13.32,$5.00,$0.00,4/10/2026,Goodwill of Central & Northern Arizona
61756510,4/8/2026,260109770,Dr. Martens W/ Bouncing Soles Quad Wild Croc Platform Shoes Size 8,Clothing > Men's Clothing > Shoes Men's,1,$57.66,4/8/2026,4/8/2026,$133.95,380400777198	,$0.00,$0.00,$13.32,$5.00,$0.00,4/10/2026,Goodwill of Central & Northern Arizona
61756510,4/8/2026,260117269,Blank NYC Black Suede Leather Zip Up Jacket Size Medium,Clothing > Women's Clothing > Outerwear,1,$9.99,4/8/2026,4/8/2026,$133.95,380400777198	,$0.00,$0.00,$13.32,$5.00,$0.00,4/10/2026,Goodwill of Central & Northern Arizona
61756510,4/8/2026,260134429,Jones Studio Separates Black/Gold Metallic Blazer Size 14 NWT,Clothing > Women's Clothing > Suits,1,$9.99,4/8/2026,4/8/2026,$133.95,380400777198	,$0.00,$0.00,$13.32,$5.00,$0.00,4/10/2026,Goodwill of Central & Northern Arizona
61756599,4/8/2026,260049340,"RPG Core Game Manuals & Miniatures Lot: G.I. Joe, Serenity & Stargrave Included",Toys/Dolls/Games > Games,1,$39.10,4/8/2026,4/8/2026,$57.33,380385617266	,$0.00,$0.00,$16.23,$2.00,$0.00,4/10/2026,Goodwill of North Georgia
61771362,4/9/2026,260784563,NWT Wmns Y2k JKARA Dark Blue Beaded Bell Sleeve Whimsigoth Wrap Top 16 MSRP$178,Clothing > Women's Clothing > Retro/Vintage,1,$24.99,4/9/2026,4/9/2026,$25.00,9434636208303393866657	,$0.00,$0.00,$0.01,$0.00,$0.00,4/10/2026,"Goodwill Industries of South Central Wisconsin, Inc."
61773618,4/9/2026,260119819,Kasper Women's Black Brocade One Button Evening Jacket Size 8,Clothing > Women's Clothing > Outerwear,1,$7.99,4/8/2026,4/9/2026,$20.87,380556413323	,$0.00,$0.00,$9.88,$3.00,$0.00,4/16/2026,Goodwill of Southwestern Pennsylvania
61773789,4/9/2026,260109066,Vintage Pewter Gothic Biohazard Symbol Pendant Triskelion Style 7g,Jewelry & Gemstones > Pendants,1,$16.00,4/8/2026,4/9/2026,$48.62,380533840555	,$0.00,$0.00,$16.63,$1.00,$0.00,4/15/2026,Goodwill Hawaii
61773789,4/9/2026,260207492,Michael Kors Women's Black Red Lace Print Zip Blouse Roll Tab Sleeves Size M,Clothing > Women's Clothing > Shirts/Blouses > Size M,1,$14.99,4/9/2026,4/9/2026,$48.62,380533840555	,$0.00,$0.00,$16.63,$1.00,$0.00,4/15/2026,Goodwill Hawaii
61773887,4/9/2026,260394385,Dries Van Noten Women's Black Long Sleeve Back Zip Maxi Dress Size 40 W/tags,Clothing > Women's Clothing > Dresses,1,$190.00,4/9/2026,4/9/2026,$200.99,380419777792	,$0.00,$0.00,$9.99,$1.00,$0.00,4/11/2026,Goodwill Industries of Greater New York and Northern New Jersey
61773977,4/9/2026,259880891,The Witcher 3: Wild Hunt Official Collector's Edition Strategy Guide,Books > Non-Fiction > Games & Puzzles,1,$12.00,4/7/2026,4/9/2026,$59.59,501450867041	,$0.00,$0.00,$10.73,$9.00,$0.00,4/10/2026,Goodwill Industries of the Inland Northwest
61773977,4/9/2026,260093704,Steampunk Masquerade Rabbit Mask Gear Clockwork Design Green Leather,Clothing > Women's Clothing > Accessories,1,$16.87,4/9/2026,4/9/2026,$59.59,501450867041	,$0.00,$0.00,$10.73,$9.00,$0.00,4/10/2026,Goodwill Industries of the Inland Northwest
61773977,4/9/2026,260108843,"Womens Vince Black 100% Silk Long Sleeve Shirt, Size L/G",Clothing > Women's Clothing > Shirts/Blouses > Size L,1,$10.99,4/9/2026,4/9/2026,$59.59,501450867041	,$0.00,$0.00,$10.73,$9.00,$0.00,4/10/2026,Goodwill Industries of the Inland Northwest
61774108,4/9/2026,259851861,"Warhammer 40,000 Horus Heresy Board Game - Sealed",Toys/Dolls/Games > Games > Puzzles,1,$111.00,4/8/2026,4/9/2026,$125.07,870654630004	,$0.00,$0.00,$11.57,$2.50,$0.00,4/14/2026,Goodwill of Orange County
61774200,4/9/2026,260063347,Embracing the Moon: A Witch's Guide to Ritual Spellcraft and Shadow Work,Books > Religion,1,$9.99,4/9/2026,4/9/2026,$19.04,9449009105114687584366	,$0.00,$0.00,$9.05,$0.00,$0.00,4/13/2026,Corbet Rd NCPA Dubois
61774304,4/9/2026,260185451,Vintage Y2K Candie's Dress Size S Black Corset Babydoll Vamp Witchy Gothic Punk,Clothing > Women's Clothing > Dresses,1,$14.99,4/9/2026,4/9/2026,$24.72,380392493850	,$0.00,$0.00,$9.73,$0.00,$0.00,4/10/2026,MERS/Missouri Goodwill Industries
61774412,4/9/2026,260071460,The Black Witch: A Grimoire of the Demonic Tongue by Enoch B Petrucelly,Books > Antique/Collectible,1,$10.00,4/8/2026,4/9/2026,$19.14,870622142785	,$0.00,$0.00,$5.15,$3.99,$0.00,4/13/2026,Southern Oregon Goodwill Industries
61774615,4/9/2026,260249759,Vintage Gotham Silver on Copper 508 Pedestal Flower Bowl w/Lid,For The Home > Home Decor,1,$25.99,4/9/2026,4/9/2026,$26.00,380452899457	,$0.00,$0.00,$0.01,$0.00,$0.00,4/13/2026,Goodwill Keystone Area - Reading
61774676,4/9/2026,260063056,3 Harry Potter Wands,Collectibles,1,$31.00,4/8/2026,4/9/2026,$45.80,870602085614	,$0.00,$0.00,$11.81,$2.99,$0.00,4/13/2026,Goodwill Industries of the Summit
61781085,4/9/2026,260185305,Vintage Y2K Maxi Gown Size 1/2 Black Floral Lace Vamp Witchy Elena Gilbert,Clothing > Women's Clothing > Dresses,1,$14.99,4/9/2026,4/9/2026,$55.71,380562337540	,$0.00,$0.00,$10.74,$0.00,$0.00,4/16/2026,MERS/Missouri Goodwill Industries
61781085,4/9/2026,260185441,Vtg Y2K Black Floral Lace Top Women's Size XL Vamp Witchy Gothic Elena Gilbert,Clothing > Women's Clothing > Shirts/Blouses,1,$14.99,4/9/2026,4/9/2026,$55.71,380562337540	,$0.00,$0.00,$10.74,$0.00,$0.00,4/16/2026,MERS/Missouri Goodwill Industries
61781085,4/9/2026,260185447,Vintage Y2K Black Floral Mesh Top Women's Size L Elena Gilbert Gilmore Girls,Clothing > Women's Clothing > Shirts/Blouses,1,$14.99,4/9/2026,4/9/2026,$55.71,380562337540	,$0.00,$0.00,$10.74,$0.00,$0.00,4/16/2026,MERS/Missouri Goodwill Industries
61785851,4/10/2026,259955004,Age of Conan The Strategy Board Game (Factory Sealed),Bulk > Toys/Dolls/Games,1,$36.99,4/9/2026,4/10/2026,$61.03,870700453138	,$0.00,$0.00,$11.57,$2.50,$0.00,4/15/2026,Goodwill of Orange County
61785851,4/10/2026,260444758,"Episode Women's Wool Blazer Jacket, Size USA 6, EUR 36, UK 8",Clothing > Women's Clothing > Outerwear > Size 6,1,$9.97,4/9/2026,4/10/2026,$61.03,870700453138	,$0.00,$0.00,$11.57,$2.50,$0.00,4/15/2026,Goodwill of Orange County
61786052,4/10/2026,260208151,Alice + Olivia Women's Black Casual Dress - Size 6,Clothing > Women's Clothing > Dresses,1,$63.00,4/9/2026,4/10/2026,$93.85,870528931351	,$0.00,$0.00,$11.86,$6.00,$0.00,4/10/2026,Goodwill of Southern Nevada
61786052,4/10/2026,260337123,Penta Club Men's Black Silk Long Sleeve Button Up - Size XL,Clothing > Men's Clothing > Shirts,1,$12.99,4/10/2026,4/10/2026,$93.85,870528931351	,$0.00,$0.00,$11.86,$6.00,$0.00,4/10/2026,Goodwill of Southern Nevada
61786708,4/10/2026,260476514,SWITCH USA Women's Medium Houndstooth Pattern Cropped Jacket,Clothing > Women's Clothing > Outerwear > Size M,1,$14.90,4/10/2026,4/10/2026,$14.91,92612931507372543475180754	,$0.00,$0.00,$0.01,$0.00,$0.00,4/16/2026,Goodwill of the Olympics and Rainier Region
61847849,4/13/2026,260367663,Distressed Brown Leather Drop Leg Thigh Bag Steampunk Biker Waist Hip Purse,Clothing > Women's Clothing > Purses,1,$26.00,4/11/2026,4/13/2026,$36.64,380508728469	,$0.00,$0.00,$10.64,$0.00,$0.00,4/14/2026,Goodwill Hawaii
61851429,4/13/2026,260594643,Royal Bones by Tripp NYC Striped Button-Up Shirt Size S,Clothing > Children's Clothing > Shirts Girls' > Size S,1,$14.99,4/12/2026,4/13/2026,$20.98,870784621976	,$0.00,$0.00,$5.99,$0.00,$0.00,4/17/2026,Goodwill Industries of the Columbia Willamette
61851457,4/13/2026,260358549,Vintage Y2K Tripp NYC Women's Black Cropped Military Biker Jacket Sz 3,Clothing > Juniors' Clothing > Outerwear > Size 3,1,$41.00,4/11/2026,4/13/2026,$53.88,380570498175	,$0.00,$0.00,$10.88,$2.00,$0.00,4/16/2026,Rappahannock Goodwill Industries Inc.
61872109,4/14/2026,260304829,"Assorted Witchcraft-Themed Items: Books, Decor, and Fabrics Set",Collectibles,1,$49.99,4/11/2026,4/14/2026,$50.00,520331548972	,$0.00,$0.00,$0.01,$0.00,$0.00,4/17/2026,Goodwill of the Olympics and Rainier Region
61885815,4/14/2026,260603466,3pc Bundle Of Women's Sz XXL Grunge/Gothic-Style Lace-Style Corset Tops,Clothing > Women's Clothing > Shirts/Blouses > Size XXL,1,$46.00,4/14/2026,4/14/2026,$62.45,870690517870	,$0.00,$0.00,$13.70,$2.75,$0.00,4/15/2026,Wabash Valley Goodwill
61886276,4/14/2026,260822020,TRIPP NYC Men's Black Cargo Pants XS with Blue Stitching and Straps,Clothing > Men's Clothing > Pants > Size XS,1,$86.00,4/14/2026,4/14/2026,$101.14,870943968897	,$0.00,$0.00,$13.14,$2.00,$0.00,4/22/2026,Goodwill of Central & Southern Indiana
61886323,4/14/2026,260493817,NWT Widow by Dolls Kill Black Goth Garment Size XS,Clothing > Women's Clothing > Skirts > Size XS,1,$21.88,4/13/2026,4/14/2026,$33.89,871320284312	,$0.00,$0.00,$10.02,$1.99,$0.00,5/1/2026,"Goodwill Industries of Arkansas, Inc."
61886523,4/14/2026,260276873,2010 Jakks Pacific Spynet Ultra Vision Goggles Toy (B42D),Toys/Dolls/Games > Toys,1,$7.99,4/10/2026,4/14/2026,$22.05,870737196335	,$0.00,$0.00,$11.81,$2.25,$0.00,4/16/2026,Hampton – Goodwill of Central & Coastal Virginia
61886544,4/14/2026,260848714,SAVAGE FENTY Red Corset Womens Large,Clothing > Women's Clothing,1,$22.99,4/14/2026,4/14/2026,$34.42,870855607383	,$0.00,$0.00,$9.43,$2.00,$0.00,4/20/2026,Easterseals-Goodwill Northern Rocky Mountain-Boise
61886597,4/14/2026,260171095,"Hand Made 20"" Tall Steam Punk Perpetual Motion Sculpture",For The Home > Home Decor,1,$19.99,4/9/2026,4/15/2026,$52.25,870711118374	,$0.00,$0.00,$22.26,$10.00,$0.00,4/15/2026,Goodwill of North Central Wisconsin
61893478,4/15/2026,260847073,"16"" 925 Silver & Pearl Witches Knot Pendant Necklace",Jewelry & Gemstones > Necklaces,1,$14.99,4/14/2026,4/15/2026,$19.98,870862130574	,$0.00,$0.00,$4.99,$0.00,$0.00,4/20/2026,Goodwill Industries of the Columbia Willamette
61911053,4/15/2026,260709366,Milton Bradley HeroScape 25 Terrain Pieces Plus Obsidian Guards - Sealed,Toys/Dolls/Games,1,$71.00,4/15/2026,4/15/2026,$99.02,380562599739	,$0.00,$0.00,$0.02,$0.00,$0.00,4/16/2026,Goodwill Keystone Area - Reading
61911053,4/15/2026,260780989,Darque by Coquette Women's Black Corset Size S NWT,Clothing > Women's Clothing,1,$28.00,4/15/2026,4/15/2026,$99.02,380562599739	,$0.00,$0.00,$0.02,$0.00,$0.00,4/16/2026,Goodwill Keystone Area - Reading
61911107,4/15/2026,261084236,Gothic Art Now By Jasmine Becket Griffith Collins Design Hardcover Book,Books > Non-Fiction,1,$5.99,4/15/2026,4/15/2026,$28.11,380556885286	,$0.00,$0.00,$17.12,$5.00,$0.00,4/16/2026,Goodwill Industries of South Florida
61911148,4/15/2026,260973077,Sue Wong Nocturne Women's Gown Brown NWT Y2K Beaded Silk Fairy Dress Sz 6,Clothing > Women's Clothing > Dresses > Size 6,1,$194.00,4/15/2026,4/15/2026,$208.23,380632635970	,$0.00,$0.00,$10.88,$3.35,$0.00,4/20/2026,Goodwill Industries of Greater Cleveland & East Central Ohio
61911687,4/15/2026,260900917,"Goth Emo Alt Style Girls Apparel & Accessories, Sizes 10 and L/XL",Clothing > Baby > Boys' > Newborn,1,$26.99,4/15/2026,4/15/2026,$44.62,870796037067	,$0.00,$0.00,$15.63,$2.00,$0.00,4/17/2026,Goodwill of Central & Southern Indiana
61911743,4/15/2026,260751885,Express Womens Black Solid Spaghetti Strap Sleeveless Midi Dress Size 6,Clothing > Women's Clothing > Dresses,1,$9.99,4/15/2026,4/15/2026,$20.49,380551462250	,$0.00,$0.00,$10.50,$0.00,$0.00,4/16/2026,MERS/Missouri Goodwill Industries
61911828,4/15/2026,260957848,Tripp Boots Womens Size 4,Clothing > Women's Clothing > Shoes Women's,1,$9.99,4/15/2026,4/15/2026,$24.82,380567292598	,$0.00,$0.00,$10.84,$3.99,$0.00,4/16/2026,Goodwill of Colorado
61911867,4/15/2026,260949499,"Lot of 4 Roleplaying Game Books: Dungeons & Dragons, Mage & Battletech",Books,1,$76.00,4/15/2026,4/20/2026,$88.88,871008948965	,$0.00,$0.00,$10.88,$2.00,$0.00,4/23/2026,Goodwill Industries of the Columbia Willamette
61965743,4/18/2026,261051462,Juicy Couture Black Embossed Gothic Logo Mini Tote Crossbody Bag Gold Hardware,Clothing > Juniors' Clothing,1,$9.99,4/18/2026,4/18/2026,$19.87,380802524608	,$0.00,$0.00,$9.88,$0.00,$0.00,4/25/2026,Goodwill of Western and Northern Connecticut
61976678,4/18/2026,261146956,Vintage The Silk Farm Black Velvet Burnout Silk Dress - Size 4,Clothing > Women's Clothing > Retro/Vintage,1,$14.99,4/18/2026,4/20/2026,$30.51,380757162910	,$0.00,$0.00,$12.53,$2.99,$0.00,4/23/2026,Goodwill of Western Missouri & Eastern Kansas
62005657,4/20/2026,260860549,The Witcher Figurine,"Collectibles > Action Figures, Maquettes & Mini Busts",1,$14.99,4/16/2026,4/20/2026,$32.69,871008456146	,$0.00,$0.00,$13.70,$4.00,$0.00,4/23/2026,Goodwill Gulf Coast
62005734,4/20/2026,261349740,VTG Affliction Black Y2K/Gothic/Tattoo Inspired ButtonUp Long Sleeve Shirt Men L,Clothing > Men's Clothing > Retro/Vintage,1,$14.99,4/18/2026,4/20/2026,$19.99,870964872759	,$0.00,$0.00,$0.01,$4.99,$0.00,4/22/2026,Goodwill Industries of Northeastern Pennsylvania
62005765,4/20/2026,260796776,The Witcher,Toys/Dolls/Games > Toys,1,$8.99,4/16/2026,4/20/2026,$23.05,871545591469	,$0.00,$0.00,$11.81,$2.25,$0.00,5/7/2026,Richmond - Goodwill of Central & Coastal Virginia
62005844,4/20/2026,260853614,Set of Decorative Horned and Steampunk Masks,Seasonal & Holiday,1,$49.99,4/17/2026,4/20/2026,$50.00,Refunded	,$0.00,$0.00,$0.01,$0.00,$0.00,7/19/2026,Goodwill of the Olympics and Rainier Region
62005860,4/20/2026,260825326,Red Queen's Black Legion Steampunk Lace Collar with Watch and Gears - IOB,Jewelry & Gemstones > Watches,1,$15.99,4/16/2026,4/20/2026,$18.00,871108056181	,$0.00,$0.00,$0.01,$2.00,$0.00,4/27/2026,Goodwill Industries of Upstate/Midlands South Carolina - COLUMBIA
62005915,4/20/2026,260846861,"Vintage Gothic Inspired Jewelry w/Chico's, Coach, Fossil, Rhinestone & More",Jewelry & Gemstones > Jewelry Sets,1,$48.00,4/16/2026,4/20/2026,$61.02,380728364706	,$0.00,$0.00,$9.52,$3.50,$0.00,4/22/2026,Goodwill of Central & Northern Arizona
62008152,4/20/2026,260943716,Coquette Women's Black Sheer Mesh Boned Corset Lace Up Back NWT Size 1X/2X,Clothing > Women's Clothing > Intimates > Size 1X,1,$21.00,4/17/2026,4/20/2026,$32.88,380722014598	,$0.00,$0.00,$9.88,$2.00,$0.00,4/22/2026,Rappahannock Goodwill Industries Inc.
62008209,4/20/2026,260815200,Tripp nyc Green/Black Grunge-Style Kilt Men’s Size M,Clothing > Men's Clothing,1,$13.99,4/16/2026,4/20/2026,$27.62,870909132730	,$0.00,$0.00,$10.88,$2.75,$0.00,4/21/2026,Wabash Valley Goodwill
62008318,4/20/2026,261166482,Gothic Black Lace Corset Formal Dress w/ Removable Cape,Clothing > Women's Clothing > Formalwear,1,$75.99,4/20/2026,4/20/2026,$102.99,521784217016	,$0.00,$0.00,$25.00,$2.00,$0.00,4/21/2026,Goodwill of North Louisiana
62008866,4/20/2026,260826027,NWT Jessica Howard Goth Burnout Velvet Sheath Dress-Size 16,Clothing > Women's Clothing > Dresses > Size 16,1,$20.00,4/16/2026,4/20/2026,$32.23,870998422523	,$0.00,$0.00,$8.24,$3.99,$0.00,4/23/2026,Southern Oregon Goodwill Industries
62041289,4/21/2026,260746197,Tripp Nyc Reflector Strap Crop Top Black Strap Crop Top W/ Reflective Straps S,Clothing > Women's Clothing,1,$33.55,4/20/2026,4/21/2026,$56.94,871184152033	,$0.00,$0.00,$10.44,$0.00,$0.00,4/28/2026,Goodwill San Diego and Imperial Counties
62041289,4/21/2026,260839112,"Dr Martens Black Boots, Ladies Size 7",Clothing > Women's Clothing > Shoes Women's,1,$12.95,4/21/2026,4/21/2026,$56.94,871184152033	,$0.00,$0.00,$10.44,$0.00,$0.00,4/28/2026,Goodwill San Diego and Imperial Counties
62041317,4/21/2026,261005711,Hunter Belt,Clothing,1,$12.95,4/21/2026,4/21/2026,$38.39,871184385567	,$0.00,$0.00,$10.44,$0.00,$0.00,4/28/2026,Goodwill San Diego and Imperial Counties
62041317,4/21/2026,261271402,"Vintage Fantasy Art Calendar Lot - Forgotten Realms, Xanth, & Paramount 1990/93",Collectibles,1,$15.00,4/21/2026,4/21/2026,$38.39,871184385567	,$0.00,$0.00,$10.44,$0.00,$0.00,4/28/2026,Goodwill San Diego and Imperial Counties
62041346,4/21/2026,261129937,.925 Vintage Whimsigoth Beaded Pentacle Pendant Necklace 7.8 Grams,Jewelry & Gemstones > Necklaces,1,$14.99,4/20/2026,4/21/2026,$24.97,9400136106616274402211	,$0.00,$0.00,$6.99,$2.99,$0.00,4/22/2026,Goodwill-Easter Seals MN
62041379,4/21/2026,261355470,NWT Wmns Y2k 90s Vintage ZUM ZUM Silver Lace Milkmaid Beaded Goth Formal Dress 6,Clothing > Women's Clothing > Retro/Vintage,1,$62.00,4/20/2026,4/21/2026,$62.01,9400136208303491376117	,$0.00,$0.00,$0.01,$0.00,$0.00,4/23/2026,"Goodwill Industries of South Central Wisconsin, Inc."
62041472,4/21/2026,261490552,Cyberpunk Cosplay Mask Unbranded Electronic Costume Accessory Untested,Computers & Electronics,1,$83.00,4/21/2026,4/21/2026,$100.45,513430839330	,$0.00,$0.00,$12.95,$4.50,$0.00,4/22/2026,Goodwill Industries of San Antonio
62049961,4/22/2026,260803653,Valerie Stevens Lambskin Leather Coat - Size Small,Clothing > Women's Clothing > Outerwear > Size S,1,$14.90,4/22/2026,4/22/2026,$14.91,523268092578	,$0.00,$0.00,$0.01,$0.00,$0.00,4/27/2026,Goodwill of the Olympics and Rainier Region
62050578,4/22/2026,261628896,Bebe Women's Metallic Foil Lace Bralette Red/Black Size 4 Bustier Top,Clothing > Women's Clothing > Shirts/Blouses > Size 4,1,$19.99,4/22/2026,4/22/2026,$27.98,496194869384	,$0.00,$0.00,$5.99,$2.00,$0.00,4/23/2026,Goodwill Industries of the Columbia Willamette
62058595,4/22/2026,261375479,Women's Bs Lingerie Black Corset - Size Xl,Clothing > Women's Clothing > Intimates,1,$14.99,4/22/2026,4/22/2026,$31.81,9400136106616274403782	,$0.00,$0.00,$13.32,$3.50,$0.00,4/23/2026,Goodwill Northern Michigan
62064279,4/22/2026,261605103,"Assorted Women's Steampunk Corset, Stormy Kromer Hat, and Hair Accessories",Clothing > Women's Clothing > Accessories,1,$27.00,4/22/2026,4/22/2026,$32.99,871424450720	,$0.00,$0.00,$5.99,$0.00,$0.00,5/5/2026,Goodwill Industries of the Columbia Willamette
62094813,4/24/2026,261242350,Vtg Sz M Marlow Steampunk Hatter Leather Top Hat w/ Faux Buffalo Nickel Accents,Clothing > Men's Clothing > Hats,1,$42.00,4/21/2026,4/24/2026,$151.82,380974082013	,$0.00,$0.00,$21.84,$12.00,$0.00,5/1/2026,"Goodwill of Ashtabula, Inc."
62094813,4/24/2026,261374401,Vintage Open Road Collection Black Leather Fringe Moto Jacket Men's sz 36,Clothing > Men's Clothing > Retro/Vintage,1,$56.00,4/22/2026,4/24/2026,$151.82,380974082013	,$0.00,$0.00,$21.84,$12.00,$0.00,5/1/2026,"Goodwill of Ashtabula, Inc."
62094813,4/24/2026,261408605,NWT Men's Size 50 Reg Black Pinstripe Angelo Rossi Suit Jacket,Clothing > Men's Clothing > Suits,1,$9.99,4/22/2026,4/24/2026,$151.82,380974082013	,$0.00,$0.00,$21.84,$12.00,$0.00,5/1/2026,"Goodwill of Ashtabula, Inc."
62094813,4/24/2026,261414204,i.e. Black Suede Skirt Women's sz 12,Clothing > Women's Clothing > Skirts,1,$9.99,4/22/2026,4/24/2026,$151.82,380974082013	,$0.00,$0.00,$21.84,$12.00,$0.00,5/1/2026,"Goodwill of Ashtabula, Inc."
62094859,4/24/2026,261272863,2005 WizKids Mechwarrior Miniature Battle Figures in Case,"Collectibles > Action Figures, Maquettes & Mini Busts",1,$31.00,4/21/2026,4/24/2026,$107.42,380802357979	,$0.00,$0.00,$11.69,$12.00,$0.00,4/25/2026,Goodwill of Greater Milwaukee and Chicago
62094859,4/24/2026,261345041,"925 Sterling Silver Celestial Dangle Post Back Earrings, 3.9g",Jewelry & Gemstones > Earrings,1,$9.99,4/22/2026,4/24/2026,$107.42,380802357979	,$0.00,$0.00,$11.69,$12.00,$0.00,4/25/2026,Goodwill of Greater Milwaukee and Chicago
62094859,4/24/2026,261377524,Artisan 925 Sterling CZ Infinity Symbol Cuff Bracelet 27.7g,Jewelry & Gemstones > Bracelets,1,$32.75,4/22/2026,4/24/2026,$107.42,380802357979	,$0.00,$0.00,$11.69,$12.00,$0.00,4/25/2026,Goodwill of Greater Milwaukee and Chicago
62094859,4/24/2026,261422452,Vintage Gold Tone Heart & Diamond Etch Floral Cuff Bracelet 56.9g,Jewelry & Gemstones > Bracelets,1,$9.99,4/22/2026,4/24/2026,$107.42,380802357979	,$0.00,$0.00,$11.69,$12.00,$0.00,4/25/2026,Goodwill of Greater Milwaukee and Chicago
62094904,4/24/2026,261406683,Women's Ariat Brown Leather All Around Half Chap - Size S,Clothing > Women's Clothing > Pants,1,$9.99,4/22/2026,4/24/2026,$23.49,9434636106616274515340	,$0.00,$0.00,$10.00,$3.50,$0.00,4/28/2026,Goodwill Northern Michigan
62094937,4/24/2026,261474065,Wizkids Warlock Tiles Town & Village 1 Set,Toys/Dolls/Games > Toys,1,$49.23,4/21/2026,4/24/2026,$77.26,380912324054	,$0.00,$0.00,$12.06,$5.98,$0.00,4/29/2026,Goodwill of Colorado
62094937,4/24/2026,261560722,Wilsons Leather Pelle Studio Mens Black Leather Button-front Jacket Size Xlt,Clothing > Men's Clothing > Outerwear,1,$9.99,4/22/2026,4/24/2026,$77.26,380912324054	,$0.00,$0.00,$12.06,$5.98,$0.00,4/29/2026,Goodwill of Colorado
62094970,4/24/2026,261369283,Cyberpunk Mask Futuristic Punk Helmet Techwear Cosplay Visor Adjustable Black,Clothing > Men's Clothing > Accessories,1,$46.00,4/22/2026,4/24/2026,$58.88,380938357181	,$0.00,$0.00,$10.88,$2.00,$0.00,4/30/2026,Rappahannock Goodwill Industries Inc.
62095074,4/24/2026,261369214,Photography Props Jewelry Hangers & Hand for Rings Bracelets Displays,Cameras & Camcorders > Lenses & Accessories,1,$14.00,4/22/2026,4/24/2026,$33.02,871050231997	,$0.00,$0.00,$15.03,$3.99,$0.00,4/24/2026,Goodwill of North Central Wisconsin
62095092,4/24/2026,261633391,Artisinal Women's One Of A Kind Handknit Pastel Goth Knit Large Sweater Dress,Clothing > Women's Clothing > Dresses > Size L,1,$19.99,4/22/2026,4/24/2026,$25.98,496194877864	,$0.00,$0.00,$5.99,$0.00,$0.00,4/27/2026,Goodwill Industries of the Columbia Willamette
62095148,4/24/2026,261605265,Renegade Game Studios G.I. JOE Roleplaying Game Book Collection,Books,1,$40.00,4/22/2026,4/24/2026,$61.59,380873009950	,$0.00,$0.00,$17.60,$3.99,$0.00,4/28/2026,Goodwill Monocacy Valley
62095184,4/24/2026,261372234,Wilsons Black Leather Asymmetrical Zip Punk Style Motorcycle Biker Jacket-Men S,Clothing > Men's Clothing > Outerwear,1,$42.00,4/22/2026,4/24/2026,$65.34,871051735293	,$0.00,$0.00,$19.39,$3.95,$0.00,4/24/2026,"Goodwill Industries of Delaware & Delaware County, Inc."
62095267,4/24/2026,261701419,Lavish Black Corset Women's Sz. Xl With Tags,Clothing > Women's Clothing,1,$8.99,4/23/2026,4/24/2026,$25.15,871173939718	,$0.00,$0.00,$13.17,$2.99,$0.00,4/28/2026,Goodwill Industries of North Florida
62095303,4/24/2026,261612569,Killstar Women's Black & Gray Striped Knit Dress - Size Xs,Clothing > Women's Clothing > Dresses,1,$21.11,4/22/2026,4/24/2026,$32.63,380812602537	,$0.00,$0.00,$9.52,$2.00,$0.00,4/26/2026,Goodwill Industries of Southern Arizona
62095354,4/24/2026,261407011,Norman Kaplin Las Vegas Gray Snakeskin Accents Knee High Boot Women 7,Clothing > Women's Clothing > Shoes Women's,1,$14.99,4/22/2026,4/24/2026,$28.49,9434636106616274512127	,$0.00,$0.00,$10.00,$3.50,$0.00,4/27/2026,Goodwill Northern Michigan
62095397,4/24/2026,261160604,Funko Fantasma Gotham-100 Black Knee High Costume Boots,Clothing > Women's Clothing > Accessories,1,$9.99,4/22/2026,4/24/2026,$24.65,871238439369	,$0.00,$0.00,$12.16,$2.50,$0.00,4/29/2026,Goodwill of Orange County
62095423,4/24/2026,261683474,Charmian Women's Patchwork Steampunk Corset Brocade Lace Up Skull Chains Sz L,Clothing > Women's Clothing > Intimates > Size L,1,$13.99,4/23/2026,4/24/2026,$23.87,380871563248	,$0.00,$0.00,$9.88,$0.00,$0.00,4/28/2026,Goodwill of Western and Northern Connecticut
62119645,4/25/2026,262018874,UCDC Cyberpunk Boots- Black- 12.5,Clothing > Men's Clothing > Shoes Men's > Size 12.5,1,$19.99,4/25/2026,4/25/2026,$25.98,496194879341	,$0.00,$0.00,$5.99,$0.00,$0.00,4/27/2026,Goodwill Industries of the Columbia Willamette
62140985,4/26/2026,262087523,Disturbia Women's Sheer Mesh Sleeves Velvet Details Dress US 6 UK 10,Clothing > Women's Clothing > Dresses > Size 6,1,$34.95,4/26/2026,4/26/2026,$40.94,871108434556	,$0.00,$0.00,$5.99,$0.00,$0.00,4/27/2026,Goodwill of Central & Southern Indiana
62145820,4/26/2026,261733030,Altered Carbon RPG Core Rulebook Hardcover Hunters Entertainment Cyberpunk Noir,Books > Fiction > Sci-Fi,1,$18.08,4/26/2026,4/26/2026,$54.89,380949925672	,$0.00,$0.00,$17.82,$4.00,$0.00,4/30/2026,Rappahannock Goodwill Industries Inc.
62145820,4/26/2026,261737868,Chronicles of Narnia 7-Book Box Set C.S. Lewis Full-Color Collector's Edition,Books > Collections/Sets,1,$14.99,4/26/2026,4/26/2026,$54.89,380949925672	,$0.00,$0.00,$17.82,$4.00,$0.00,4/30/2026,Rappahannock Goodwill Industries Inc.
62145950,4/26/2026,262208085,Realities: Final Revised Vision Version III Hardcover Art Book by David Howard,Books,1,$14.00,4/26/2026,4/26/2026,$57.42,871133978115	,$0.00,$0.00,$10.97,$10.47,$0.00,4/27/2026,Goodwill Industries of Ventura and Santa Barbara Counties
62145950,4/26/2026,262213621,King Of Battle and Blood by Scarlett St. Clair Hardcover Signature Edition Book,Books,1,$13.99,4/26/2026,4/26/2026,$57.42,871133978115	,$0.00,$0.00,$10.97,$10.47,$0.00,4/27/2026,Goodwill Industries of Ventura and Santa Barbara Counties
62145950,4/26/2026,262213714,The Thorn Garden Graphic Novel Adult Comic Book Mature OOP Rare,Books,1,$7.99,4/26/2026,4/26/2026,$57.42,871133978115	,$0.00,$0.00,$10.97,$10.47,$0.00,4/27/2026,Goodwill Industries of Ventura and Santa Barbara Counties
62146063,4/26/2026,261586475,"Pewter Tone Dragon & Galaxy Steampunk Style Etched Case 26"" Chain Pocket Watch*",Jewelry & Gemstones > Watches,1,$9.99,4/24/2026,4/26/2026,$21.87,380900984144	,$0.00,$0.00,$9.88,$2.00,$0.00,4/29/2026,Goodwill Industries of Northwest Ohio
62151218,4/26/2026,262003263,"Vintage Tripp NYC Daang Goodman Bondage Pants, Size Medium",Clothing > Men's Clothing > Retro/Vintage,1,$46.00,4/25/2026,4/26/2026,$70.00,380967939884	,$0.00,$0.00,$5.01,$6.00,$0.00,5/1/2026,Marion Goodwill Industries
62151218,4/26/2026,262199940,"UGG Chancery Bomber Boots, Size 11",Clothing > Women's Clothing > Shoes Women's,1,$12.99,4/26/2026,4/26/2026,$70.00,380967939884	,$0.00,$0.00,$5.01,$6.00,$0.00,5/1/2026,Marion Goodwill Industries
62151478,4/26/2026,261902177,Goth Punk Rock Earrings Bracelets Pendants Mixed Jewelry Lot,Bulk,1,$26.88,4/26/2026,4/26/2026,$51.05,380842970325	,$0.00,$0.00,$12.18,$4.00,$0.00,4/27/2026,"Goodwill Industries of Central Illinois, Inc."
62151478,4/26/2026,262389705,Pair of Vintage Hardcover Books Connie Bell Md & Wizard of Oz Jungle Book Flip,Books > Fiction,1,$7.99,4/26/2026,4/26/2026,$51.05,380842970325	,$0.00,$0.00,$12.18,$4.00,$0.00,4/27/2026,"Goodwill Industries of Central Illinois, Inc."
62151719,4/26/2026,262020855,Free People Women's Metallic Beaded Embroidered Sheer Tunic Black Size M Dress,Clothing > Women's Clothing > Dresses,1,$19.99,4/26/2026,4/28/2026,$25.98,524623454308	,$0.00,$0.00,$5.99,$0.00,$0.00,5/1/2026,Goodwill Industries of the Columbia Willamette
62180522,4/28/2026,261807636,1991 Comic Images Frank Frazetta Series 1 Trading Card Lot 90 Cards Fantasy Art,Collectibles > Sports Cards/Trading Cards,1,$18.00,4/27/2026,4/28/2026,$31.23,9400136106616274420178	,$0.00,$0.00,$9.88,$3.35,$0.00,5/5/2026,"Goodwill Industries of Akron, Ohio, Inc."
62180555,4/28/2026,262021043,Free People Women's Dance Magic Tunic Viscose Multicolor Size XS Blouse,Clothing > Women's Clothing > Shirts/Blouses > Size XS,1,$14.99,4/27/2026,4/28/2026,$22.98,524623452783	,$0.00,$0.00,$5.99,$2.00,$0.00,4/30/2026,Goodwill Industries of the Columbia Willamette
62180581,4/28/2026,261769466,2 Pair Black Goth Platform Boots Knee High Ankle with Buckles,Clothing > Men's Clothing > Shoes Men's > Size 10,1,$41.00,4/25/2026,4/28/2026,$55.29,871229807896	,$0.00,$0.00,$12.29,$2.00,$0.00,4/29/2026,Goodwill of Central & Southern Indiana
62180632,4/28/2026,261602582,"Fantasy, Egyptian, Gothic Games Workshop Metal Incense Burner with Figurine",For The Home,1,$48.00,4/24/2026,4/28/2026,$89.09,381036338163	,$0.00,$0.00,$11.10,$0.00,$0.00,5/4/2026,MERS/Missouri Goodwill Industries
62180632,4/28/2026,261874787,Bates Combat Boots Size 7.5 R,Clothing > Men's Clothing > Shoes Men's,1,$29.99,4/27/2026,4/28/2026,$89.09,381036338163	,$0.00,$0.00,$11.10,$0.00,$0.00,5/4/2026,MERS/Missouri Goodwill Industries
62180676,4/28/2026,262162214,Tripp Nyc Daang Goodman Dark Wash Wide Leg Zip Off Bondage Cargo Jeans Size 34,Clothing > Women's Clothing > Jeans,1,$51.00,4/27/2026,4/28/2026,$64.13,380938647145	,$0.00,$0.00,$13.13,$0.00,$0.00,4/30/2026,Goodwill of Greater Washington D.C. -VA
62180705,4/28/2026,261807946,Tripp NYC Men's Black/Blue Wide Leg Convertible Strappy Cargo Pants,Clothing > Men's Clothing > Pants > Size M,1,$46.00,4/27/2026,4/28/2026,$49.00,9434636106616274533931	,$0.00,$0.00,$0.01,$2.99,$0.00,4/30/2026,Goodwill-Easter Seals MN
62184173,4/28/2026,262469897,Tripp NYC Women's Black Faux Leather Pants Size 30,Clothing > Women's Clothing > Pants > Size 30,1,$19.95,4/28/2026,4/28/2026,$25.94,871207864534	,$0.00,$0.00,$5.99,$0.00,$0.00,4/29/2026,Goodwill of Central & Southern Indiana
62193763,4/28/2026,261938543,Eileen Fisher Woman 1X Heavyweight Silk Georgette Crepe Luxe Trouser,Clothing > Women's Clothing > Pants > Size 1X,1,$36.00,4/28/2026,4/28/2026,$218.13,871285956073	,$0.00,$0.00,$10.74,$32.00,$0.00,4/30/2026,Goodwill Industries of Lane & South Coast Counties
62193763,4/28/2026,261938919,White House Black Market Women's Military Style Jacket Size 2,Clothing > Women's Clothing > Outerwear > Size 2,1,$24.89,4/28/2026,4/28/2026,$218.13,871285956073	,$0.00,$0.00,$10.74,$32.00,$0.00,4/30/2026,Goodwill Industries of Lane & South Coast Counties
62193763,4/28/2026,261941203,Women's Black Embroidered Sherwani Set with Scarf and Pants Size 12,Wedding > Misc,1,$9.49,4/28/2026,4/28/2026,$218.13,871285956073	,$0.00,$0.00,$10.74,$32.00,$0.00,4/30/2026,Goodwill Industries of Lane & South Coast Counties
62193763,4/28/2026,261950248,J.Crew Thompson Men's 42R Linen Blazer Gray Plaid,Clothing > Men's Clothing > Vests > Size L,1,$32.00,4/28/2026,4/28/2026,$218.13,871285956073	,$0.00,$0.00,$10.74,$32.00,$0.00,4/30/2026,Goodwill Industries of Lane & South Coast Counties
62193763,4/28/2026,261950995,Dr. Martens Black Leather Lace-Up Shoes Size 9,Clothing > Children's Clothing > Shoes Boys' > Size 9,1,$7.99,4/28/2026,4/28/2026,$218.13,871285956073	,$0.00,$0.00,$10.74,$32.00,$0.00,4/30/2026,Goodwill Industries of Lane & South Coast Counties
62193763,4/28/2026,261951411,Men's Portland Trail Blazers Pro Player NBA Jacket Size Small,Clothing > Men's Clothing > Vests > Size S,1,$21.00,4/28/2026,4/28/2026,$218.13,871285956073	,$0.00,$0.00,$10.74,$32.00,$0.00,4/30/2026,Goodwill Industries of Lane & South Coast Counties
62193763,4/28/2026,261951712,Michael Kors Women's Faux Leopard Fur Jacket Size L,Clothing > Women's Clothing > Outerwear > Size L,1,$18.02,4/28/2026,4/28/2026,$218.13,871285956073	,$0.00,$0.00,$10.74,$32.00,$0.00,4/30/2026,Goodwill Industries of Lane & South Coast Counties
62193763,4/28/2026,261954794,Viking Armored Motorcycle Shirt Jacket,Clothing > Men's Clothing > Vests > Size XXL,1,$26.00,4/28/2026,4/28/2026,$218.13,871285956073	,$0.00,$0.00,$10.74,$32.00,$0.00,4/30/2026,Goodwill Industries of Lane & South Coast Counties
62193875,4/28/2026,261614342,Vintage Gray Military Style Jacket with Decorative Buttons,Clothing > Men's Clothing > Retro/Vintage,1,$60.08,4/25/2026,4/28/2026,$446.10,523268119810	,$0.00,$0.00,$0.02,$0.00,$0.00,5/1/2026,Goodwill of the Olympics and Rainier Region
62193875,4/28/2026,261798542,"Louis Vuitton Cropped Bomber Jacket, Size 34",Clothing > Women's Clothing > Outerwear > Size XS,1,$386.00,4/28/2026,4/28/2026,$446.10,523268119810	,$0.00,$0.00,$0.02,$0.00,$0.00,5/1/2026,Goodwill of the Olympics and Rainier Region
62193982,4/28/2026,261899035,Black Sequin Open Jacket-sz 44,Clothing > Women's Clothing,1,$15.00,4/28/2026,4/28/2026,$139.62,871280725397	,$0.00,$0.00,$11.62,$12.00,$0.00,4/30/2026,Southern Oregon Goodwill Industries
62193982,4/28/2026,261899066,A History of the English-Speaking Peoples by Winston S. Churchill (4 Volumes),Books > Non-Fiction > History,1,$30.00,4/28/2026,4/28/2026,$139.62,871280725397	,$0.00,$0.00,$11.62,$12.00,$0.00,4/30/2026,Southern Oregon Goodwill Industries
62193982,4/28/2026,261899069,Brown Crinkle Faux Fur Trim Jacket - size M/L,Clothing > Women's Clothing > Outerwear,1,$15.00,4/28/2026,4/28/2026,$139.62,871280725397	,$0.00,$0.00,$11.62,$12.00,$0.00,4/30/2026,Southern Oregon Goodwill Industries
62193982,4/28/2026,261899080,NWT White House Black Market White Cotton Blend Accented Capri's size 12,Clothing > Women's Clothing > Pants > Size 12,1,$15.00,4/28/2026,4/28/2026,$139.62,871280725397	,$0.00,$0.00,$11.62,$12.00,$0.00,4/30/2026,Southern Oregon Goodwill Industries
62193982,4/28/2026,261930127,Vintage Sears Outerwear Bomber Jacket size Large,Clothing > Men's Clothing > Outerwear > Size L,1,$20.00,4/28/2026,4/28/2026,$139.62,871280725397	,$0.00,$0.00,$11.62,$12.00,$0.00,4/30/2026,Southern Oregon Goodwill Industries
62193982,4/28/2026,261955210,Vintage Leather Satchel with Brass Buckles,Travel/Luggage > Briefcases,1,$21.00,4/28/2026,4/28/2026,$139.62,871280725397	,$0.00,$0.00,$11.62,$12.00,$0.00,4/30/2026,Southern Oregon Goodwill Industries
62227362,4/29/2026,261917237,"Nwt/ New White House Black Market Women's Jacket, Small",Clothing > Women's Clothing > Outerwear,1,$15.99,4/28/2026,4/29/2026,$22.99,381025519718	,$0.00,$0.00,$5.00,$2.00,$0.00,5/4/2026,Goodwill of the Heartland
62227372,4/29/2026,262036880,VTG Sioni Sweater Women's Gray Patchwork Whimsigoth Grunge Penny Lane SZM,Clothing > Women's Clothing > Sweaters > Size M,1,$14.99,4/27/2026,4/29/2026,$26.42,871430246900	,$0.00,$0.00,$9.43,$2.00,$0.00,5/5/2026,Easterseals-Goodwill Northern Rocky Mountain-Boise
62227431,4/29/2026,261926824,Invicta Coalition Forces Chronograph Watch with Box and Warranty Card,Jewelry & Gemstones > Watches > Men's Watches,1,$69.01,4/28/2026,4/29/2026,$144.80,871439678640	,$0.00,$0.00,$8.80,$12.00,$0.00,5/5/2026,Goodwill Industries of Lane & South Coast Counties
62227431,4/29/2026,261929259,WWII U.S. Army 'Ike' Eisenhower Wool Jacket Size 40R with Insignia,Collectibles > Military Memorabilia > Uniforms,1,$24.99,4/28/2026,4/29/2026,$144.80,871439678640	,$0.00,$0.00,$8.80,$12.00,$0.00,5/5/2026,Goodwill Industries of Lane & South Coast Counties
62227431,4/29/2026,261936250,"Garbage Pail Kids Horror-ible Sticker Cards Box and Card Set (2019, Topps)",Collectibles > Post Cards/Photographs/Stationery,1,$30.00,4/28/2026,4/29/2026,$144.80,871439678640	,$0.00,$0.00,$8.80,$12.00,$0.00,5/5/2026,Goodwill Industries of Lane & South Coast Counties
62227476,4/29/2026,261919094,Collection of Assorted Mineral and Gemstone Samples in Glass Bottles,Glass > Fine Crystal,1,$55.00,4/28/2026,4/29/2026,$95.57,871440382935	,$0.00,$0.00,$11.10,$12.00,$0.00,5/5/2026,Goodwill Industries of Lane & South Coast Counties
62227476,4/29/2026,261973828,Servus Steel Toe Fire Boots Reflexshin Protekshin Black/Yellow Size 17-75,Clothing > Men's Clothing > Accessories,1,$7.98,4/28/2026,4/29/2026,$95.57,871440382935	,$0.00,$0.00,$11.10,$12.00,$0.00,5/5/2026,Goodwill Industries of Lane & South Coast Counties
62227476,4/29/2026,262080719,"Teller Original Imported Double-Breasted Cashmere Coat, Size 49, Gray",Clothing > Women's Clothing > Outerwear > Size 12W,1,$9.49,4/29/2026,4/29/2026,$95.57,871440382935	,$0.00,$0.00,$11.10,$12.00,$0.00,5/5/2026,Goodwill Industries of Lane & South Coast Counties
62227506,4/29/2026,261974815,"Wilsons Leather Hooded Jacket with Faux Fur Lining, Size Large",Clothing > Men's Clothing > Vests > Size L,1,$7.98,4/28/2026,5/1/2026,$21.41,871318818671	,$0.00,$0.00,$9.43,$4.00,$0.00,5/1/2026,Goodwill Industries of Lane & South Coast Counties
62227517,4/29/2026,261395991,Killstar Dahlia Velvet Camisole Crop Top Small,Clothing > Women's Clothing,1,$23.00,4/27/2026,4/29/2026,$66.45,871309152375	,$0.00,$0.00,$10.44,$0.00,$0.00,5/1/2026,Goodwill San Diego and Imperial Counties
62227517,4/29/2026,261693178,"Grateful Dead, the Board Game By University Games, Sealed",Toys/Dolls/Games > Games,1,$33.01,4/28/2026,4/29/2026,$66.45,871309152375	,$0.00,$0.00,$10.44,$0.00,$0.00,5/1/2026,Goodwill San Diego and Imperial Counties
62240216,4/30/2026,261993286,"8 Misc Vintage HC Books: Charlie and the Chocolate Factory, Rubaiyat & More",Books > Antique/Collectible,1,$10.00,4/28/2026,4/30/2026,$24.90,871321049138	,$0.00,$0.00,$14.90,$0.00,$0.00,5/1/2026,Southern Oregon Goodwill Industries
62240248,4/30/2026,262055752,NWT Kristen Blake Reversible Multicolor Fur Vest size Medium,Clothing > Women's Clothing > Vests > Size M,1,$20.00,4/29/2026,4/30/2026,$32.23,871308855090	,$0.00,$0.00,$8.24,$3.99,$0.00,5/1/2026,Southern Oregon Goodwill Industries
62257127,5/1/2026,261916851,Vintage 1950's Palley Supply War Surplus Catalog,Books > Antique/Collectible,1,$12.99,4/28/2026,5/1/2026,$26.37,381093788750	,$0.00,$0.00,$11.38,$2.00,$0.00,5/6/2026,Goodwill of the Heartland
62257175,5/1/2026,261456463,Steampunk Themed Top Hat with Clock and Gear Design,Clothing > Women's Clothing > Hats,1,$21.00,4/24/2026,5/2/2026,$40.82,871720629652	,$0.00,$0.00,$17.82,$2.00,$0.00,5/12/2026,Goodwill Industries of Upstate/Midlands South Carolina - GREENVILLE
62284357,5/2/2026,262260714,Pop Mart Labubu The Monsters Have a Seat SISI Vinyl Plush.,Collectibles > Plush Toys,1,$24.00,4/27/2026,5/2/2026,$27.01,9400136208303501531604	,$0.00,$0.00,$0.01,$3.00,$0.00,5/6/2026,Marion Goodwill Industries
62287204,5/2/2026,262357876,2pc. Classic Cyberpunk Helmets,Miscellaneous,1,$67.00,4/30/2026,5/2/2026,$84.50,871525497727	,$0.00,$0.00,$14.51,$2.99,$0.00,5/7/2026,Goodwill Industries of North Florida
62288196,5/2/2026,262531662,Killstar Lilac Blaire B*tch Mini Skirt W/Front Zipper & Detachable Straps 4XL,Clothing > Women's Clothing > Skirts,1,$9.99,5/2/2026,5/2/2026,$19.72,381022327480	,$0.00,$0.00,$9.73,$0.00,$0.00,5/4/2026,MERS/Missouri Goodwill Industries
62293550,5/2/2026,262399860,Weird Worlds #1 Magazine Battlestar Galactica Frank Frazetta Asimov Bradbury,Miscellaneous > Magazines,1,$8.00,4/30/2026,5/2/2026,$41.69,381062068658	,$0.00,$0.00,$10.88,$5.00,$0.00,5/5/2026,"Goodwill Industries of Central North Carolina, Inc."
62293550,5/2/2026,262536527,Men's True Religion Canvas Hanabel Fold Over Sneakers Size 9,Clothing > Men's Clothing > Shoes Men's,1,$10.53,5/2/2026,5/2/2026,$41.69,381062068658	,$0.00,$0.00,$10.88,$5.00,$0.00,5/5/2026,"Goodwill Industries of Central North Carolina, Inc."
62293550,5/2/2026,262536554,Vintage Twisted Stem Goblet Made in Spain,"Collectibles > Cups, Trays, Vases",1,$7.28,5/2/2026,5/2/2026,$41.69,381062068658	,$0.00,$0.00,$10.88,$5.00,$0.00,5/5/2026,"Goodwill Industries of Central North Carolina, Inc."
62293591,5/2/2026,262286284,"Bag of Dice Critical Role, and Other Dice in Bag",Toys/Dolls/Games,1,$21.00,5/1/2026,5/2/2026,$47.73,381003016272	,$0.00,$0.00,$10.74,$6.00,$0.00,5/3/2026,Goodwill of Greater Milwaukee and Chicago
62293591,5/2/2026,262355325,NWT New York & Company Women's Navy Blue Pants Size 12,Clothing > Women's Clothing > Pants > Size 12,1,$9.99,5/2/2026,5/2/2026,$47.73,381003016272	,$0.00,$0.00,$10.74,$6.00,$0.00,5/3/2026,Goodwill of Greater Milwaukee and Chicago
62293626,5/2/2026,262399023,"925 Sterling Silver with Flat Black Oval Onyx Stone Ring Size 7, 9.8 grams",Jewelry & Gemstones > Rings,1,$20.00,5/2/2026,5/2/2026,$58.97,871382132490	,$0.00,$0.00,$13.98,$7.98,$0.00,5/4/2026,Southern Oregon Goodwill Industries
62293626,5/2/2026,262404269,Clara Beau 2-Strand Silver Tone Chain Necklace with Crystal Flower Pendants,Jewelry & Gemstones > Necklaces,1,$17.01,5/2/2026,5/2/2026,$58.97,871382132490	,$0.00,$0.00,$13.98,$7.98,$0.00,5/4/2026,Southern Oregon Goodwill Industries
62293675,5/2/2026,261984954,H.P. Lovecraft Tales of Horror Hardcover Canterbury Classics 2017,Books,1,$19.94,4/28/2026,5/2/2026,$83.49,523268149103	,$0.00,$0.00,$0.03,$0.00,$0.00,5/8/2026,Goodwill of the Olympics and Rainier Region
62293675,5/2/2026,262283975,Chetta B Evening Navy Lace Dress - Size 12,Clothing > Women's Clothing > Formalwear > Size 12,1,$29.99,5/2/2026,5/2/2026,$83.49,523268149103	,$0.00,$0.00,$0.03,$0.00,$0.00,5/8/2026,Goodwill of the Olympics and Rainier Region
62293675,5/2/2026,262290922,Citron Santa Monica Collection XL Sheer Velvet Button-Up Shirt,Clothing > Women's Clothing > Shirts/Blouses > Size XL,1,$33.53,5/2/2026,5/2/2026,$83.49,523268149103	,$0.00,$0.00,$0.03,$0.00,$0.00,5/8/2026,Goodwill of the Olympics and Rainier Region
62299153,5/3/2026,262498920,Tripp NYC Black and Purple Corset Womens XS,Clothing > Women's Clothing > Shirts/Blouses > Size XS,1,$81.00,5/2/2026,5/5/2026,$91.80,871668931652	,$0.00,$0.00,$8.80,$2.00,$0.00,5/11/2026,Easterseals-Goodwill Northern Rocky Mountain-Boise
62299386,5/3/2026,262973127,Vtg Y2K Joseph Ribkoff Halter Dress Size 8 Black Ruffle Vamp Witchy Whimsigoth,Clothing > Women's Clothing > Dresses,1,$9.99,5/3/2026,5/3/2026,$19.72,381055396850	,$0.00,$0.00,$9.73,$0.00,$0.00,5/5/2026,MERS/Missouri Goodwill Industries
62299413,5/3/2026,262973176,Vera Wang Black Animal Print Velvet Long Sleeve Top Size Small Whimsigoth Witchy,Clothing > Women's Clothing > Shirts/Blouses,1,$9.99,5/3/2026,5/3/2026,$19.72,381038778815	,$0.00,$0.00,$9.73,$0.00,$0.00,5/4/2026,MERS/Missouri Goodwill Industries
62299550,5/3/2026,262843081,Vince Women's Officecore Businesscore Sleek Corporate Goth Black Size 8 Pants,Clothing > Women's Clothing > Pants > Size 8,1,$14.99,5/3/2026,5/3/2026,$20.98,524623467591	,$0.00,$0.00,$5.99,$0.00,$0.00,5/6/2026,Goodwill Industries of the Columbia Willamette
62335207,5/4/2026,262726335,"4 Roleplay Game Books Including Warped, Maggot Machine, Cosmic Dark, & Dukk Borg",Books,1,$40.31,5/4/2026,5/12/2026,$101.20,381337185569	,$0.00,$0.00,$17.60,$7.98,$0.00,5/15/2026,Goodwill Monocacy Valley
62335207,5/4/2026,262729052,"Katana-Ra, Cloudbreaker Alliance, and Cthulhu Wars Roleplay Game Book Collection",Books,1,$35.31,5/4/2026,5/12/2026,$101.20,381337185569	,$0.00,$0.00,$17.60,$7.98,$0.00,5/15/2026,Goodwill Monocacy Valley
62335276,5/4/2026,262725913,Old Gods of Appalachia and Heart The City Beneath Roleplaying Game Book Sets,Books,1,$40.00,5/4/2026,5/4/2026,$97.37,381133491491	,$0.00,$0.00,$19.39,$7.98,$0.00,5/7/2026,Goodwill Monocacy Valley
62335276,5/4/2026,262730236,"Roleplay Game Books Including They Feed on Fear, Not A Place Of Honor, and More",Books,1,$30.00,5/4/2026,5/4/2026,$97.37,381133491491	,$0.00,$0.00,$19.39,$7.98,$0.00,5/7/2026,Goodwill Monocacy Valley
62335495,5/4/2026,262520971,Morgan & Co. Women's Halter Illusion Bodice Maxi Black Size 3 Dress,Clothing > Juniors' Clothing > Dresses > Size 3,1,$19.99,5/2/2026,5/4/2026,$25.98,524623469620	,$0.00,$0.00,$5.99,$0.00,$0.00,5/7/2026,Goodwill Industries of the Columbia Willamette
62390565,5/6/2026,262705846,8pc 1960s 1970s Heavy Metal & Classic Rock Vinyl Lp Records Bundle,Movies & Music > Music > Records/8-Track,1,$21.00,5/6/2026,5/12/2026,$33.17,871819154935	,$0.00,$0.00,$12.17,$0.00,$0.00,5/14/2026,Goodwill San Diego and Imperial Counties
62508884,5/12/2026,262607810,Flavor Brand Black Patent Over The Knee Punk Goth Boots Womens 7.5,Clothing > Women's Clothing > Shoes Women's > Size 7.5,1,$19.99,5/3/2026,5/12/2026,$40.29,871809014813	,$0.00,$0.00,$18.30,$2.00,$0.00,5/14/2026,Goodwill of Central & Southern Indiana
62508895,5/12/2026,262783427,"Tripp NYC Black Tiered Mesh Skirt Size 14, 100% Nylon",Clothing > Women's Clothing > Skirts > Size 14,1,$14.99,5/3/2026,5/12/2026,$19.99,871946181122	,$0.00,$0.00,$0.01,$4.99,$0.00,5/18/2026,"Goodwill Industries of Northwest North Carolina, Inc."
62508904,5/12/2026,262470610,3 Everyday Heroes Role-Playing Game Books: Core Rulebook/The Crow & More,Books,1,$46.00,5/4/2026,5/12/2026,$62.05,871753514497	,$0.00,$0.00,$13.05,$3.00,$0.00,5/13/2026,"Goodwill Industries of the Chesapeake, Inc."
62508920,5/12/2026,262707801,Women's Y2k / 90s Vintage Goth Clothing Reseller Wholesale Lot Bundle Box - 15pc,Clothing > Women's Clothing > Retro/Vintage,1,$101.00,5/4/2026,5/12/2026,$101.01,871764765056	,$0.00,$0.00,$0.01,$0.00,$0.00,5/13/2026,"Goodwill Industries of South Central Wisconsin, Inc."
62508950,5/12/2026,262524909,"Star Trek Adventures ""The Roleplaying Game"" RPG Core Rulebook",Books,1,$27.00,5/4/2026,5/12/2026,$27.01,381316103917	,$0.00,$0.00,$0.01,$0.00,$0.00,5/14/2026,Goodwill Keystone Area - Reading
62508963,5/12/2026,262685327,Heavy Metal Magazine Summer 2011 - War of the Worlds Special,Collectibles > Comic Books,1,$9.99,5/6/2026,5/12/2026,$19.04,9400109105114690175931	,$0.00,$0.00,$9.05,$0.00,$0.00,5/14/2026,Corbet Rd NCPA Dubois
62508979,5/12/2026,262584975,Marvelocity: The Marvel Comics Art of Alex Ross (Pantheon Graphic Library),Collectibles > Comic Books,1,$7.99,5/5/2026,5/12/2026,$34.93,871754929615	,$0.00,$0.00,$13.05,$6.90,$0.00,5/13/2026,"Goodwill Industries of Delaware & Delaware County, Inc."
62508979,5/12/2026,262663004,The Sandman #1 Graphic Novel by Neil Gaiman,Books,1,$6.99,5/5/2026,5/12/2026,$34.93,871754929615	,$0.00,$0.00,$13.05,$6.90,$0.00,5/13/2026,"Goodwill Industries of Delaware & Delaware County, Inc."
62509002,5/12/2026,262607424,Vertigo The Sandman by Neil Gaiman Comic Book Lot,Collectibles > Comic Books,1,$46.00,5/5/2026,5/12/2026,$62.30,871747523235	,$0.00,$0.00,$14.30,$2.00,$0.00,5/13/2026,Goodwill-Suncoast
62509064,5/12/2026,262982775,Star Wars: The Empire Strikes Back Movie Poster 1980,Collectibles > Star Wars,1,$36.88,5/6/2026,5/12/2026,$61.75,381309713235	,$0.00,$0.00,$9.88,$0.00,$0.00,5/14/2026,Goodwill of Greater Washington D.C. -VA
62509064,5/12/2026,262982955,1980 Star Wars: The Empire Strikes Back Promo Poster,Collectibles > Star Wars,1,$14.99,5/6/2026,5/12/2026,$61.75,381309713235	,$0.00,$0.00,$9.88,$0.00,$0.00,5/14/2026,Goodwill of Greater Washington D.C. -VA
62509093,5/12/2026,262701473,Tripp NYC Dropout Plaid Mini Dress-Size Small,Clothing > Women's Clothing > Dresses > Size S,1,$61.00,5/6/2026,5/12/2026,$73.09,871775111734	,$0.00,$0.00,$8.10,$3.99,$0.00,5/13/2026,Southern Oregon Goodwill Industries
62509113,5/12/2026,263105598,Neil Gaiman American Gods & Anansi Boys Hardcover Book,For The Home > Home Decor,1,$9.99,5/10/2026,5/12/2026,$21.75,9434636106616274594628	,$0.00,$0.00,$8.76,$3.00,$0.00,5/15/2026,Evergreen Goodwill
62510317,5/12/2026,262970645,Gothic Fantasies: The Paintings of Anne Sudworth,Books > Non-Fiction > Art & Photography,1,$12.00,5/8/2026,5/12/2026,$50.14,871774065323	,$0.00,$0.00,$5.16,$7.98,$0.00,5/13/2026,Southern Oregon Goodwill Industries
62510317,5/12/2026,263508046,1982 Book Eye of Cat by Roger Zelazny Timescape Books Publisher,Books > Antique/Collectible,1,$25.00,5/12/2026,5/12/2026,$50.14,871774065323	,$0.00,$0.00,$5.16,$7.98,$0.00,5/13/2026,Southern Oregon Goodwill Industries
62510512,5/12/2026,262725721,Women's Free People Vintage Style Tunic Dress W/Tie Belt 100% Wool Size M,Clothing > Women's Clothing > Dresses,1,$9.99,5/6/2026,5/12/2026,$42.29,871768655530	,$0.00,$0.00,$15.31,$4.00,$0.00,5/13/2026,Goodwill Industries of Northern Illinois
62510512,5/12/2026,263745548,Women's Suicide Squad Harley Quinn Property of Joker Jacket Size XL,Clothing > Women's Clothing > Outerwear > Size XL,1,$12.99,5/12/2026,5/12/2026,$42.29,871768655530	,$0.00,$0.00,$15.31,$4.00,$0.00,5/13/2026,Goodwill Industries of Northern Illinois
62510716,5/12/2026,262985518,Killstar Black Velvet Dress with Moon and Faux Leather Collar - Size L,Clothing > Women's Clothing > Dresses > Size L,1,$43.00,5/9/2026,5/12/2026,$43.01,92419931507372543400206523	,$0.00,$0.00,$0.01,$0.00,$0.00,5/19/2026,Goodwill of the Olympics and Rainier Region
62510732,5/12/2026,262709602,"Framed Print Of 1973 Fantasy Artwork ""Death Dealer"" By Artist Frank Frazetta",Art,1,$9.99,5/6/2026,5/12/2026,$22.67,381359863410	,$0.00,$0.00,$11.69,$0.99,$0.00,5/16/2026,Heart of Texas Goodwill
62510757,5/12/2026,263590588,Shwayder Bros Inc Samsonite Vintage Hard Shell Suitcase Luggage Bag,Travel/Luggage,1,$14.99,5/12/2026,5/16/2026,$41.76,381513346680	,$0.00,$0.00,$25.78,$0.99,$0.00,5/22/2026,Heart of Texas Goodwill
62536364,5/13/2026,263643830,The Sandman Deluxe Edition Books 1 & 2 by Neil Gaiman,Books > Collections/Sets,1,$59.97,5/13/2026,5/13/2026,$59.98,525981368294	,$0.00,$0.00,$0.01,$0.00,$0.00,5/19/2026,Goodwill of the Olympics and Rainier Region
62600810,5/16/2026,263641007,Set of 6 Neil Gaiman 'The Sandman' Graphic Novels - Fully Remastered Editions,Books > Collections/Sets,1,$49.98,5/15/2026,5/16/2026,$49.99,525981384213	,$0.00,$0.00,$0.01,$0.00,$0.00,5/22/2026,Goodwill of the Olympics and Rainier Region
62601877,5/16/2026,263317601,Vintage Destinee Black/White Beaded Sheath Dress size 2,Clothing > Women's Clothing > Dresses > Size 2,1,$20.00,5/12/2026,5/18/2026,$32.79,872004946507	,$0.00,$0.00,$8.80,$3.99,$0.00,5/19/2026,Southern Oregon Goodwill Industries
62603221,5/16/2026,263552269,Magnificent Myths Boris 4 Art Cards,Collectibles,1,$14.99,5/14/2026,5/18/2026,$28.69,381438740503	,$0.00,$0.00,$10.20,$3.50,$0.00,5/19/2026,Goodwill of Central & Northern Arizona
62683329,5/19/2026,264001925,Adiva Black Lace Blouse Women's M Ruffled Victorian Witchy Charmed Vamp Elena,Clothing > Women's Clothing > Shirts/Blouses,1,$24.99,5/19/2026,5/19/2026,$34.72,381457380626	,$0.00,$0.00,$9.73,$0.00,$0.00,5/20/2026,MERS/Missouri Goodwill Industries
62734173,5/21/2026,264117836,The Fantastic Art of Boris Vallejo Paperback Art Book,Books > Non-Fiction,1,$10.99,5/20/2026,5/21/2026,$39.32,381511783064	,$0.00,$0.00,$11.34,$6.00,$0.00,5/22/2026,"Goodwill of Ashtabula, Inc."
62734173,5/21/2026,264117922,The Fantastic Art of Frank Frazetta Paperback Art Book,Books > Non-Fiction,1,$10.99,5/20/2026,5/21/2026,$39.32,381511783064	,$0.00,$0.00,$11.34,$6.00,$0.00,5/22/2026,"Goodwill of Ashtabula, Inc."
62783122,5/24/2026,264583548,Grab Bag - DC Black Label The Sandman Neil Gaiman 1-4 Books & Overture,Bulk,1,$16.99,5/23/2026,5/24/2026,$36.55,872312343997	,$0.00,$0.00,$14.56,$5.00,$0.00,5/27/2026,Goodwill of Central Iowa
62783148,5/24/2026,264315966,Killstar Black Oversized Graphic Poncho Shirt L/XXL,Clothing > Women's Clothing > Sweaters > Size XL,1,$29.98,5/22/2026,5/24/2026,$29.99,528691919033	,$0.00,$0.00,$0.01,$0.00,$0.00,6/2/2026,Goodwill of the Olympics and Rainier Region
63142297,6/9/2026,265354872,Vintage 1979 Hand-Tooled Hand-Painted Leather Wall Hanging Heraldic Shield,Collectibles > Post Cards/Photographs/Stationery,1,$11.00,6/2/2026,6/9/2026,$39.23,872915767340	,$0.00,$0.00,$10.74,$8.00,$0.00,6/10/2026,Goodwill Industries of Lane & South Coast Counties
63142297,6/9/2026,265378438,Ariat Women's Black Leather Lace-Up Paddock Boots Size 6 US EU 36,Clothing > Women's Clothing > Shoes Women's > Size 6,1,$9.49,6/2/2026,6/9/2026,$39.23,872915767340	,$0.00,$0.00,$10.74,$8.00,$0.00,6/10/2026,Goodwill Industries of Lane & South Coast Counties
63188936,6/11/2026,266304174,TRIPP NYC Women's Bleach Splatter Eye Print Cropped Straight Leg Jeans Size XL,Clothing > Women's Clothing > Jeans,1,$14.99,6/9/2026,6/11/2026,$78.05,381965937635	,$0.00,$0.00,$12.13,$7.96,$0.00,6/11/2026,"Goodwill Industries of KYOWVA Area, Inc."
63188936,6/11/2026,266429316,Dr. Martens 1460 Smooth Leather Black Lace-Up Boots US Women's 8,Clothing > Women's Clothing > Shoes Women's,1,$14.99,6/10/2026,6/11/2026,$78.05,381965937635	,$0.00,$0.00,$12.13,$7.96,$0.00,6/11/2026,"Goodwill Industries of KYOWVA Area, Inc."
63188936,6/11/2026,266475252,Lot Of 3 The Monsters Plush Dolls,Collectibles > Plush Toys,1,$19.99,6/10/2026,6/11/2026,$78.05,381965937635	,$0.00,$0.00,$12.13,$7.96,$0.00,6/11/2026,"Goodwill Industries of KYOWVA Area, Inc."
63188936,6/11/2026,266527643,Kerr Leathers Black Leather Motorcycle Chaps Pants Size XL USA,Clothing > Men's Clothing > Pants,1,$7.99,6/10/2026,6/11/2026,$78.05,381965937635	,$0.00,$0.00,$12.13,$7.96,$0.00,6/11/2026,"Goodwill Industries of KYOWVA Area, Inc."
63216371,6/12/2026,266333981,Tripp NYC Daang Goodman Corset Bustier Top - Womens Size 4,Clothing > Women's Clothing > Shirts/Blouses,1,$21.00,6/9/2026,6/12/2026,$42.03,382030277041	,$0.00,$0.00,$10.88,$5.00,$0.00,6/15/2026,"Goodwill Industries of Central North Carolina, Inc."
63216371,6/12/2026,266509844,Women's Showpo Black Dress Size 2-NWT,Clothing > Women's Clothing > Dresses,1,$5.15,6/10/2026,6/12/2026,$42.03,382030277041	,$0.00,$0.00,$10.88,$5.00,$0.00,6/15/2026,"Goodwill Industries of Central North Carolina, Inc."
63235426,6/13/2026,266224327,Death Saves x Dungeons & Dragons Vecna Long Sleeve T-Shirt Large,Clothing > Men's Clothing > Shirts,1,$12.00,6/10/2026,6/13/2026,$18.99,9200190272034201024644	,$0.00,$0.00,$5.00,$1.99,$0.00,6/18/2026,Brookville NCPA
63235442,6/13/2026,266478893,Men's XL Black Genuine Leather Motorcycle Vest Event Leather,Clothing > Men's Clothing > Retro/Vintage,1,$13.00,6/12/2026,6/13/2026,$19.99,9234690272034200416930	,$0.00,$0.00,$5.00,$1.99,$0.00,6/18/2026,Brookville NCPA
63273477,6/15/2026,266444047,Mens Dark Rock Gothic Black Pants with Skull Design and Chains - Size L,Clothing > Men's Clothing > Pants > Size L,1,$39.00,6/13/2026,6/15/2026,$128.72,525528274413	,$0.00,$0.00,$10.73,$10.00,$0.00,6/18/2026,Goodwill Industries of the Inland Northwest
63273477,6/15/2026,266603931,White House Black Market LS Belle Tweed Moto Jacket Women Size 10 New,Clothing > Women's Clothing > Outerwear > Size 10,1,$20.00,6/14/2026,6/15/2026,$128.72,525528274413	,$0.00,$0.00,$10.73,$10.00,$0.00,6/18/2026,Goodwill Industries of the Inland Northwest
63273477,6/15/2026,266608885,Dr. Martens Blaire Black Leather Platform Gladiator Sandals Women's 7-8,Clothing > Women's Clothing > Shoes Women's > Size 8,1,$27.00,6/14/2026,6/15/2026,$128.72,525528274413	,$0.00,$0.00,$10.73,$10.00,$0.00,6/18/2026,Goodwill Industries of the Inland Northwest
63273477,6/15/2026,266608937,NWT ASTR the Label Orchid Purple Floral Lace Sleeveless Dress Women's Size Large,Clothing > Women's Clothing > Dresses > Size L,1,$13.00,6/14/2026,6/15/2026,$128.72,525528274413	,$0.00,$0.00,$10.73,$10.00,$0.00,6/18/2026,Goodwill Industries of the Inland Northwest
63273477,6/15/2026,266616107,Tramp Women's Medium Long Sleeve Cotton Blouse Cream White Pinstripe,Clothing > Women's Clothing > Accessories,1,$8.99,6/14/2026,6/15/2026,$128.72,525528274413	,$0.00,$0.00,$10.73,$10.00,$0.00,6/18/2026,Goodwill Industries of the Inland Northwest
63273539,6/15/2026,266844518,Starbucks Souvenir Coffee Mugs (11)Different Geographic Locations.,Tableware and Kitchenware > Tea & Coffee Accessories,1,$53.99,6/14/2026,6/15/2026,$98.89,873206685750	,$0.00,$0.00,$11.90,$12.00,$0.00,6/17/2026,Easterseals-Goodwill Northern Rocky Mountain-Boise
63273539,6/15/2026,266846562,Dr Martens 2422  Smooth Leather Lace Up Doc Boots Cherry Red Women’s  Size 7,Clothing > Women's Clothing > Shoes Women's > Size 7,1,$21.00,6/14/2026,6/15/2026,$98.89,873206685750	,$0.00,$0.00,$11.90,$12.00,$0.00,6/17/2026,Easterseals-Goodwill Northern Rocky Mountain-Boise
63293587,6/16/2026,266848212,11 Starbucks Been There & You Are Here Series Mugs 14oz Collection Lot,Tableware and Kitchenware > Tea & Coffee Accessories,1,$41.00,6/14/2026,6/16/2026,$89.56,873272547427	,$0.00,$0.00,$11.90,$12.00,$0.00,6/18/2026,Easterseals-Goodwill Northern Rocky Mountain-Boise
63293587,6/16/2026,266985923,All Saints Black Heel Boots Womens Size: 40 (EU),Clothing > Women's Clothing > Shoes Women's,1,$24.66,6/15/2026,6/16/2026,$89.56,873272547427	,$0.00,$0.00,$11.90,$12.00,$0.00,6/18/2026,Easterseals-Goodwill Northern Rocky Mountain-Boise
63297695,6/16/2026,267003259,Star Trek Collectible Lot PEZ Dispensers AMT/ERTL Model Kits Mouse Mat,Collectibles > Figurines,1,$51.00,6/15/2026,6/16/2026,$64.14,873577619978	,$0.00,$0.00,$11.14,$2.00,$0.00,6/25/2026,Goodwill Industries of the Columbia Willamette
63324912,6/17/2026,266698652,Killstar Women's Medium Black Gothic Cathedral Embroidered Dress Velvet,Clothing > Women's Clothing > Dresses > Size M,1,$16.00,6/15/2026,6/17/2026,$44.43,873403081917	,$0.00,$0.00,$9.43,$8.00,$0.00,6/22/2026,Goodwill Industries of Lane & South Coast Counties
63324912,6/17/2026,266832992,Collectible Vintage Bombay Bowler Pith Helmet: Khaki Color,Clothing > Women's Clothing > Accessories,1,$11.00,6/16/2026,6/17/2026,$44.43,873403081917	,$0.00,$0.00,$9.43,$8.00,$0.00,6/22/2026,Goodwill Industries of Lane & South Coast Counties
63349540,6/18/2026,266896056,Vince Camuto Womens Vamp Black Leather Stiletto Heel Ankle Bootie Size 9.5M,Clothing > Women's Clothing > Shoes Women's,1,$5.00,6/17/2026,6/22/2026,$23.65,382206027292	,$0.00,$0.00,$13.65,$5.00,$0.00,6/23/2026,Goodwill Industries of South Florida
63377109,6/19/2026,267754170,Vintage Italian Genuine Animal Powder Horn with Wooden Cap & Leather Strap,Collectibles > Post Cards/Photographs/Stationery,1,$13.99,6/19/2026,6/22/2026,$29.09,873501743374	,$0.00,$0.00,$11.60,$3.50,$0.00,6/24/2026,Goodwill of Greater Grand Rapids
63377130,6/19/2026,266713343,Lot of Four Dungeon in a Box Dungeons and Dragons Adventure Sets,Toys/Dolls/Games > Games,1,$49.00,6/15/2026,6/19/2026,$83.41,873409045825	,$0.00,$0.00,$19.42,$0.00,$0.00,6/22/2026,Goodwill of Silicon Valley
63377130,6/19/2026,267097390,BCBGMAXAZRIA Black Button-Up Blazer Size 6,Clothing > Women's Clothing > Blazers,1,$14.99,6/18/2026,6/19/2026,$83.41,873409045825	,$0.00,$0.00,$19.42,$0.00,$0.00,6/22/2026,Goodwill of Silicon Valley
63385844,6/19/2026,267176800,BattleTech MechWarrior Roleplaying Game Manuals/Books Lot 1980's 90's,Books > Reference,1,$92.00,6/19/2026,6/19/2026,$105.59,873472908908	,$0.00,$0.00,$10.59,$3.00,$0.00,6/23/2026,Evergreen Goodwill
63385956,6/19/2026,267224255,NWT Liverpool Los Angeles Women's Black Princess Dart Boyfriend Blazer Size L,Clothing > Women's Clothing > Suits,1,$9.99,6/19/2026,6/19/2026,$23.07,873383850204	,$0.00,$0.00,$10.08,$3.00,$0.00,6/22/2026,Evergreen Goodwill
63386030,6/19/2026,267230530,Meadow Rue By Anthropology Women's Black Crochet Fit & Flare Dress Size 6,Clothing > Women's Clothing > Dresses,1,$10.99,6/19/2026,6/19/2026,$23.15,873384840254	,$0.00,$0.00,$9.16,$3.00,$0.00,6/22/2026,Evergreen Goodwill
63386104,6/19/2026,266847699,Tripp NYC Goth Skate Grunge Straps Super Baggy Y2K Pants Green Black Size 2X,Clothing > Men's Clothing > Pants,1,$76.00,6/16/2026,6/19/2026,$113.02,382183146080	,$0.00,$0.00,$0.02,$6.00,$0.00,6/22/2026,Goodwill of Southwestern Pennsylvania
63386104,6/19/2026,267188773,Harley Davidson Black Suede Leather Jacket Tassels Motorcycle M,Clothing,1,$31.00,6/19/2026,6/19/2026,$113.02,382183146080	,$0.00,$0.00,$0.02,$6.00,$0.00,6/22/2026,Goodwill of Southwestern Pennsylvania
63399958,6/20/2026,267624771,Women's Tim Burton Nightmare Before Christmas Gothic Jacket Medium Black Velvet,Clothing > Women's Clothing > Retro/Vintage,1,$29.95,6/20/2026,6/20/2026,$35.94,873370938180	,$0.00,$0.00,$5.99,$0.00,$0.00,6/22/2026,Goodwill of Central & Southern Indiana
63416831,6/21/2026,267884391,Wicca Natural Magic Kit by Lisa Chamberlain 2018 Chamberlain Publications,Books,1,$9.99,6/21/2026,6/21/2026,$21.68,873372606709	,$0.00,$0.00,$10.70,$0.99,$0.00,6/22/2026,Falls Creek Books NCPA
63430361,6/22/2026,267411039,Star Wars | Edge of the Empire | Age of Rebellion | Roleplaying Rules | Lot of 3,Collectibles > Star Wars,1,$43.00,6/20/2026,6/22/2026,$56.17,873578705363	,$0.00,$0.00,$11.17,$2.00,$0.00,6/25/2026,Easterseals-Goodwill Northern Rocky Mountain -SLC
63430380,6/22/2026,267252718,NWT Lucci Lu Women's Black Beaded Short Sleeve Cropped Blouse Top Size 10,Clothing > Women's Clothing > Shirts/Blouses,1,$9.99,6/19/2026,6/22/2026,$22.15,873527720980	,$0.00,$0.00,$9.16,$3.00,$0.00,6/24/2026,Evergreen Goodwill
63502386,6/24/2026,267451470,"Bundle of Witchcraft Books, Tarot & Oracle Cards",Books > Collections/Sets,1,$49.99,6/23/2026,6/24/2026,$74.96,531622783000	,$0.00,$0.00,$0.02,$0.00,$0.00,7/1/2026,Goodwill of the Olympics and Rainier Region
63502386,6/24/2026,267685472,WizKids MechWarrior Miniature Game Pieces Set,Toys/Dolls/Games > Toys,1,$24.95,6/24/2026,6/24/2026,$74.96,531622783000	,$0.00,$0.00,$0.02,$0.00,$0.00,7/1/2026,Goodwill of the Olympics and Rainier Region
63502414,6/24/2026,267705522,"Vintage TTRPG Books Lot: Dungeons & Dragons, Shadowrun and more with extras",Books,1,$82.00,6/24/2026,6/24/2026,$112.16,5268 1716 1006	,$0.00,$0.00,$27.16,$3.00,$0.00,6/30/2026,"Goodwill Industries of Southeastern MI, Inc."
63502450,6/24/2026,267948316,Hot Topic Women's My Neighbor Totoro Knitted Acrylic Green Size M Sweater,Clothing > Women's Clothing > Sweaters > Size M,1,$19.99,6/24/2026,6/24/2026,$25.98,524623695119	,$0.00,$0.00,$5.99,$0.00,$0.00,6/30/2026,Goodwill Industries of the Columbia Willamette
63502461,6/24/2026,267589546,Dorian Cleavenger Signed Fantasy Warrior Woman Art Print 19x15 Framed 1998,Art > Prints,1,$24.99,6/23/2026,6/24/2026,$25.00,382284327435	,$0.00,$0.00,$0.01,$0.00,$0.00,6/26/2026,Goodwill Keystone Area - Reading
63502523,6/24/2026,267700316,3.6lbs RPG Quickstart Booklets & Character Sheets Grab Bag,Collectibles > Comic Books,1,$42.00,6/22/2026,6/24/2026,$54.11,873715322333	,$0.00,$0.00,$11.11,$1.00,$0.00,6/29/2026,"Goodwill Industries-Knoxville, Inc."
63536800,6/26/2026,267691818,Free People Women's Tops & Sweaters Lot M Sheer Dress Hoodie Thermal Cardigan,Clothing > Women's Clothing > Sweaters > Size M,1,$51.00,6/22/2026,6/26/2026,$79.84,873842268410	,$0.00,$0.00,$14.85,$4.00,$0.00,7/1/2026,Goodwill of Central & Southern Indiana
63536800,6/26/2026,268059105,Hot Leathers Black Leather Motorcycle Chaps Size Large Fringed Trim,Clothing > Men's Clothing > Pants > Size L,1,$9.99,6/25/2026,6/26/2026,$79.84,873842268410	,$0.00,$0.00,$14.85,$4.00,$0.00,7/1/2026,Goodwill of Central & Southern Indiana
63536824,6/26/2026,267818315,Heavy Metal Adult Graphic Novels,Collectibles > Comic Books,1,$21.00,6/25/2026,6/26/2026,$163.23,382378135711	,$0.00,$0.00,$24.56,$12.00,$0.00,7/1/2026,Goodwill of North Georgia
63536824,6/26/2026,267818320,Heavy Metal Adult Graphic Novels,Collectibles > Comic Books,1,$17.89,6/25/2026,6/26/2026,$163.23,382378135711	,$0.00,$0.00,$24.56,$12.00,$0.00,7/1/2026,Goodwill of North Georgia
63536824,6/26/2026,267818495,Heavy Metal Adult Graphic Novels,Collectibles > Comic Books,1,$26.00,6/25/2026,6/26/2026,$163.23,382378135711	,$0.00,$0.00,$24.56,$12.00,$0.00,7/1/2026,Goodwill of North Georgia
63536824,6/26/2026,267818640,Heavy Metal Adult Graphic Novels,Collectibles > Comic Books,1,$17.89,6/25/2026,6/26/2026,$163.23,382378135711	,$0.00,$0.00,$24.56,$12.00,$0.00,7/1/2026,Goodwill of North Georgia
63536824,6/26/2026,267819140,Heavy Metal Adult Graphic Novels,Collectibles > Comic Books,1,$17.89,6/25/2026,6/26/2026,$163.23,382378135711	,$0.00,$0.00,$24.56,$12.00,$0.00,7/1/2026,Goodwill of North Georgia
63536824,6/26/2026,267819185,Heavy Metal Adult Graphic Novels,Collectibles > Comic Books,1,$26.00,6/25/2026,6/26/2026,$163.23,382378135711	,$0.00,$0.00,$24.56,$12.00,$0.00,7/1/2026,Goodwill of North Georgia
63541357,6/26/2026,268562837,Forplay Women's XS/S Gothic Witch Costume Dress Black Velvet Spiderweb Lace-Up,Clothing > Women's Clothing > Accessories,1,$19.95,6/26/2026,6/26/2026,$25.94,873822191582	,$0.00,$0.00,$5.99,$0.00,$0.00,7/1/2026,Goodwill of Central & Southern Indiana
63556707,6/27/2026,267994254,Ultra Pink Black Sheer Floral Mesh Top Women's Size M Fairy Cottage Whimsigoth,Clothing > Women's Clothing > Shirts/Blouses,1,$7.99,6/27/2026,6/27/2026,$17.72,382403019739	,$0.00,$0.00,$9.73,$0.00,$0.00,7/2/2026,MERS/Missouri Goodwill Industries
63556937,6/27/2026,267495073,Scala Black Sheer Beaded Floral Mesh Long Sleeve Top Size M,Clothing > Women's Clothing > Shirts/Blouses > Size M,1,$19.95,6/27/2026,6/27/2026,$25.94,873707968241	,$0.00,$0.00,$5.99,$0.00,$0.00,6/29/2026,Goodwill of Central & Southern Indiana
63557038,6/27/2026,266585298,Derimod Expo Edwina Women's Black Leather Jacket Small Detachable Fur Collar,Clothing > Women's Clothing > Outerwear > Size S,1,$29.95,6/27/2026,6/27/2026,$35.94,873701190758	,$0.00,$0.00,$5.99,$0.00,$0.00,6/29/2026,Goodwill of Central & Southern Indiana
63562416,6/27/2026,268216543,Free People Women's Black Lace Puffed Sleeve Square Neck Blouse Top Size L,Clothing > Women's Clothing > Shirts/Blouses,1,$19.99,6/27/2026,7/5/2026,$33.49,9400136106616274585594	,$0.00,$0.00,$10.00,$3.50,$0.00,7/9/2026,Goodwill Northern Michigan
63599359,6/29/2026,267949412,Milton Bradley HeroQuest Game System Vintage 1989 Board Game,Toys/Dolls/Games > Toys > Vintage,1,$38.00,6/26/2026,6/29/2026,$82.76,382458035547	,$0.00,$0.00,$12.14,$7.50,$0.00,7/6/2026,Goodwill of Southern Los Angeles County
63599359,6/29/2026,268022554,D&D Dungeons & Dragons 5th Ed Monster Manual Player's Handbook Volo's Guide Lot,Toys/Dolls/Games,1,$25.12,6/27/2026,6/29/2026,$82.76,382458035547	,$0.00,$0.00,$12.14,$7.50,$0.00,7/6/2026,Goodwill of Southern Los Angeles County
63599422,6/29/2026,268264132,Tripp NYC Women's Gothic Brocade Jacket XXL Lace-Up Corset Skull Buttons,Clothing > Women's Clothing > Retro/Vintage > Size XXL,1,$41.00,6/28/2026,6/29/2026,$100.85,873977180816	,$0.00,$0.00,$14.85,$4.00,$0.00,7/6/2026,Goodwill of Central & Southern Indiana
63599422,6/29/2026,268297569,6pc We The Free Women's Clothing Lot Size S Tops Sweaters Free People,Clothing > Women's Clothing > Sweaters > Size S,1,$41.00,6/28/2026,6/29/2026,$100.85,873977180816	,$0.00,$0.00,$14.85,$4.00,$0.00,7/6/2026,Goodwill of Central & Southern Indiana
63599512,6/29/2026,267780403,HeroQuest Game System Milton Bradley MB 1989 Vintage Fantasy RPG Board Game,Gaming Systems & Games,1,$56.66,6/23/2026,6/29/2026,$108.45,382345667020	,$0.00,$0.00,$17.81,$5.98,$0.00,6/30/2026,Goodwill of Western Missouri & Eastern Kansas
63599512,6/29/2026,268101296,Harley-Davidson Hustin Black Leather Harness Motorcycle Boots Men's Size 9,Clothing > Men's Clothing > Shoes Men's > Size 9,1,$28.00,6/26/2026,6/29/2026,$108.45,382345667020	,$0.00,$0.00,$17.81,$5.98,$0.00,6/30/2026,Goodwill of Western Missouri & Eastern Kansas
63605434,6/29/2026,267948619,Collection of Seven Steampunk Themed Costume Items w/ Witchdoctor Masks,Collectibles,1,$51.50,6/26/2026,6/29/2026,$71.83,873785638359	,$0.00,$0.00,$10.31,$4.00,$0.00,6/30/2026,"Goodwill Industries of the Columbia, Inc. Pasco, WA"
63605434,6/29/2026,268193052,Empyre Gray Wash Denim Skater Style Jeans/Pants Men's Size 30,Clothing > Men's Clothing > Jeans,1,$6.02,6/29/2026,6/29/2026,$71.83,873785638359	,$0.00,$0.00,$10.31,$4.00,$0.00,6/30/2026,"Goodwill Industries of the Columbia, Inc. Pasco, WA"
63702058,7/3/2026,268134276,Tripp NYC Black Fishnet Garter Hoodie Jacket Medium New with Tags,Clothing > Women's Clothing > Athletic Apparel > Size M,1,$51.00,6/29/2026,7/3/2026,$57.99,874109368020	,$0.00,$0.00,$5.00,$1.99,$0.00,7/8/2026,Corbet Rd NCPA Dubois
63732690,7/5/2026,268305087,Dungeons & Dragons: The Shackled City Adventure Path Book,Books > Non-Fiction > Games & Puzzles,1,$166.00,7/1/2026,7/5/2026,$166.01,531622829564	,$0.00,$0.00,$0.01,$0.00,$0.00,7/13/2026,Goodwill of the Olympics and Rainier Region
63749441,7/6/2026,268253738,Marvel Civil War Heroic Roleplaying Essentials Event Book,Books > Reference,1,$9.99,7/1/2026,7/6/2026,$23.80,874224987047	,$0.00,$0.00,$11.81,$2.00,$0.00,7/10/2026,Goodwill Industries of Upstate/Midlands South Carolina - COLUMBIA
63749490,7/6/2026,268681058,Y2K Gothic Social Collision Hoodie S & Hot Topic Jeans 1 Star Patch Set,Clothing > Children's Clothing > Outerwear Girls' > Size S,1,$21.00,7/1/2026,7/6/2026,$37.85,874164906559	,$0.00,$0.00,$14.85,$2.00,$0.00,7/9/2026,Goodwill of Central & Southern Indiana
63753805,7/6/2026,268125201,"Assorted ShadowRun RPG Campaign Books, Beginner Box & Rulebooks",Toys/Dolls/Games > Games,1,$81.00,7/4/2026,7/6/2026,$103.37,874121907173	,$0.00,$0.00,$20.12,$2.25,$0.00,7/8/2026,Hampton – Goodwill of Central & Coastal Virginia
63793843,7/7/2026,269388254,Star Trek Bundle,Collectibles > Hollywood Memorabilia,1,$13.99,7/4/2026,7/7/2026,$46.09,382537824190	,$0.00,$0.00,$12.61,$5.50,$0.00,7/10/2026,Goodwill South Central California
63793843,7/7/2026,269605127,John Carter Of Mars Edgar Rice Burroughs Hardcover Book,Books,1,$13.99,7/7/2026,7/7/2026,$46.09,382537824190	,$0.00,$0.00,$12.61,$5.50,$0.00,7/10/2026,Goodwill South Central California
63849164,7/10/2026,269208191,The World of Tolkien 7-Book Box Set by David Day,Books > Collections/Sets,1,$76.00,7/8/2026,7/10/2026,$139.50,382588061583	,$0.00,$0.00,$11.51,$12.00,$0.00,7/13/2026,Goodwill Industries of the Redwood Empire
63849164,7/10/2026,269344822,The Classic Woman By Evan Picone Blue Wool Coat Womens,Clothing > Women's Clothing > Outerwear,1,$19.00,7/9/2026,7/10/2026,$139.50,382588061583	,$0.00,$0.00,$11.51,$12.00,$0.00,7/13/2026,Goodwill Industries of the Redwood Empire
63849164,7/10/2026,269350173,Free People Black Floral Embroidered Jacket Womens Size 0,Clothing > Women's Clothing > Outerwear > Size 0,1,$9.99,7/9/2026,7/10/2026,$139.50,382588061583	,$0.00,$0.00,$11.51,$12.00,$0.00,7/13/2026,Goodwill Industries of the Redwood Empire
63849164,7/10/2026,269350903,Sanctuary x Anthropologie Green Cotton/Poly Sweater Jacket Womens Size XL,Clothing > Women's Clothing > Sweaters > Size XL,1,$11.00,7/9/2026,7/10/2026,$139.50,382588061583	,$0.00,$0.00,$11.51,$12.00,$0.00,7/13/2026,Goodwill Industries of the Redwood Empire
63875423,7/11/2026,269583264,Lot of 3 D&D RPG Books Player's Handbook v3.5 Deep Magic 5E Monster Manual II,Books,1,$46.00,7/10/2026,7/11/2026,$58.88,874570788398	,$0.00,$0.00,$10.88,$2.00,$0.00,7/18/2026,Goodwill Industries of the Columbia Willamette
63883195,7/11/2026,269153440,"Fantasy RPG Rulebook Lot: OSRIC, Lion Rampant & More",Movies & Music,1,$82.00,7/6/2026,7/11/2026,$112.02,524952787596	,$0.00,$0.00,$25.52,$4.50,$0.00,7/13/2026,Goodwill Industries of San Antonio
63883220,7/11/2026,269346403,The World of Tolkien 7-Book Box Set by David Day,Books > Fiction > Fantasy,1,$26.00,7/9/2026,7/11/2026,$40.53,874301988652	,$0.00,$0.00,$12.53,$2.00,$0.00,7/13/2026,Goodwill South Mississippi
63924602,7/13/2026,269692865,Templar Dagger Medieval Knight Decorative Short Sword With Scabbard 15 Inch,Collectibles > Knives/Swords,1,$76.50,7/13/2026,7/13/2026,$89.38,382608088184	,$0.00,$0.00,$10.88,$2.00,$0.00,7/14/2026,Rappahannock Goodwill Industries Inc.
63924621,7/13/2026,269695562,Dungeons & Dragons Stranger Things Welcome to the Hellfire Club Game Sealed New,Toys/Dolls/Games,1,$33.50,7/13/2026,7/13/2026,$48.03,382609751550	,$0.00,$0.00,$12.53,$2.00,$0.00,7/14/2026,Rappahannock Goodwill Industries Inc.
63933924,7/14/2026,269927715,Lamentations Of The Flame Princess Player Core Book Hardcover Rules & Magic,Books > Fiction > Fantasy,1,$16.49,7/13/2026,7/14/2026,$29.37,382630944034	,$0.00,$0.00,$10.88,$2.00,$0.00,7/15/2026,Rappahannock Goodwill Industries Inc.
63982833,7/16/2026,269207308,Lululemon Women's Teal/Gray Active Wear Shorts,Clothing > Women's Clothing > Athletic Apparel > Size 8,1,$7.99,7/16/2026,7/16/2026,$23.06,9400136106616274612740	,$0.00,$0.00,$12.08,$2.99,$0.00,7/17/2026,Goodwill-Easter Seals MN
64007675,7/17/2026,269763090,3 Pcs DK Publishing Star Wars Reference & Guide Hardcover Book Collection,Books > Collections/Sets,1,$9.99,7/14/2026,7/17/2026,$45.79,382719981872	,$0.00,$0.00,$19.83,$5.98,$0.00,7/20/2026,Goodwill-Easter Seals MN
64007675,7/17/2026,270106222,Soundelux Audio Publishing 1994 Lord Of Rings 9-CD Audiobook In wood crate,Computers & Electronics > Home Electronics > CD Players,1,$9.99,7/16/2026,7/17/2026,$45.79,382719981872	,$0.00,$0.00,$19.83,$5.98,$0.00,7/20/2026,Goodwill-Easter Seals MN
64039449,7/18/2026,270708432,6pc Dungeons & Dragons Books And Booklets Grab Bag,Toys/Dolls/Games > Games,1,$31.25,7/18/2026,7/18/2026,$55.49,874747548720	,$0.00,$0.00,$12.24,$2.00,$0.00,7/22/2026,"Goodwill Industries-Knoxville, Inc."
64039449,7/18/2026,270793980,VNT Wilsons Leather Pelle Studio Genuine Leather Cabbie/Newsboy Cap Sz L/XL,Clothing > Women's Clothing > Hats,1,$10.00,7/18/2026,7/18/2026,$55.49,874747548720	,$0.00,$0.00,$12.24,$2.00,$0.00,7/22/2026,"Goodwill Industries-Knoxville, Inc."
64089996,7/21/2026,270362744,Games Workshop Warhammer 40k Table Top Books Lot Of 4,Books,1,$16.22,7/19/2026,7/21/2026,$63.11,874919250691	,$0.00,$0.00,$15.03,$7.98,$0.00,7/27/2026,Goodwill of North Central Wisconsin
64089996,7/21/2026,270391916,"SOCOFY Boots W/BOHO-CHIC, Multicolor Patchwork Design-Size EU 40 (US 9.5)",Clothing > Women's Clothing > Shoes Women's,1,$23.88,7/20/2026,7/21/2026,$63.11,874919250691	,$0.00,$0.00,$15.03,$7.98,$0.00,7/27/2026,Goodwill of North Central Wisconsin
64105118,7/21/2026,270676047,Purple Worm War Of The Dragon Queen Set Dungeons & Dragons Huge Uncommon 21 / 60,Collectibles > Figurines,1,$28.05,7/20/2026,7/21/2026,$61.78,874954133459	,$0.00,$0.00,$10.74,$6.00,$0.00,7/27/2026,Goodwill of Central Iowa
64105118,7/21/2026,270808975,Men's Black Faux Leather Western Outback Cowboy Hat Bucking Horse Logo Sz M,Clothing > Men's Clothing > Hats,1,$16.99,7/21/2026,7/21/2026,$61.78,874954133459	,$0.00,$0.00,$10.74,$6.00,$0.00,7/27/2026,Goodwill of Central Iowa
64168088,7/24/2026,270846170,"Harmony Gold ""Robotech: The Macross Saga"" RPG Hardcover Book",Books,1,$43.01,7/23/2026,7/24/2026,$43.02,382838705895	,$0.00,$0.00,$0.01,$0.00,$0.00,7/27/2026,Goodwill Keystone Area - Reading
64221566,7/27/2026,270958860,Rifts World Book 5 Triax NGR & World Book 31 Triax 2 RPG Sourcebooks Set,Books,1,$13.00,7/24/2026,7/27/2026,$24.97,874943696508	,$0.00,$0.00,$9.98,$1.99,$0.00,7/27/2026,Corbet Rd NCPA Dubois
64221603,7/27/2026,271142317,47 Brand NY Yankees Navy Blue Adjustable Baseball Cap OSFA Cotton Hat,Clothing > Children's Clothing > Accessories,1,$9.99,7/27/2026,7/27/2026,$16.98,9200190415638400003740	,$0.00,$0.00,$5.00,$1.99,$0.00,7/27/2026,Corbet Rd NCPA Dubois
64221651,7/27/2026,270984188,Vintage Star Trek RPG Books FASA Seeker Gaming Modules Manuals Lot Used,Gaming Systems & Games,1,$71.01,7/26/2026,7/27/2026,$221.93,875158886624	,$0.00,$0.00,$13.93,$0.00,$0.00,7/31/2026,Goodwill Industries of San Diego County
64221651,7/27/2026,270984192,Lot of 11 Vintage FASA Star Trek RPG Modules Sourcebooks 1980s 1990s Used,Books > Antique/Collectible,1,$45.99,7/26/2026,7/27/2026,$221.93,875158886624	,$0.00,$0.00,$13.93,$0.00,$0.00,7/31/2026,Goodwill Industries of San Diego County
64221651,7/27/2026,271054595,Vintage Star Trek RPG Books Lot FASA Corp Sourcebooks Manuals 9.64 lbs Used,Books > Antique/Collectible,1,$91.00,7/26/2026,7/27/2026,$221.93,875158886624	,$0.00,$0.00,$13.93,$0.00,$0.00,7/31/2026,Goodwill Industries of San Diego County
64242293,7/27/2026,270817447,Dune House Atreides #1-4 Complete Set BOOM! Studios Brian Herbert Comics,Books > Antique/Collectible,1,$14.95,7/27/2026,7/27/2026,$65.39,875180867940	,$0.00,$0.00,$10.44,$0.00,$0.00,7/31/2026,Goodwill Industries of San Diego County
64242293,7/27/2026,271054596,Vintage 1980s FASA Star Trek RPG Manuals Supplements Tactical Combat Lot,Gaming Systems & Games,1,$40.00,7/26/2026,7/27/2026,$65.39,875180867940	,$0.00,$0.00,$10.44,$0.00,$0.00,7/31/2026,Goodwill Industries of San Diego County
64315161,7/30/2026,271359322,Lot of 3 Dungeons & Dragons Books,Crafts & Hobbies,1,$36.00,7/28/2026,7/30/2026,$62.07,9434636106616274950172-9434636106616274950189	,$0.00,$0.00,$10.08,$6.00,$0.00,8/3/2026,Evergreen Goodwill
64315161,7/30/2026,271648401,BlankNYC Women's Green Black Long Sleeve Pockets Full-Zip Bomber Jacket Size M,Clothing > Women's Clothing > Outerwear,1,$9.99,7/30/2026,7/30/2026,$62.07,9434636106616274950172-9434636106616274950189	,$0.00,$0.00,$10.08,$6.00,$0.00,8/3/2026,Evergreen Goodwill
64315254,7/30/2026,271488085,Dungeons & Dragons 4th Edition 4 Book Lot Dungeon Master's Guide Draconomicon,Books > Collections/Sets,1,$41.10,7/27/2026,7/30/2026,$76.73,875325981960	,$0.00,$0.00,$16.64,$6.00,$0.00,8/4/2026,Goodwill of Central Iowa
64315254,7/30/2026,271827136,"Vintage Giorgio Armani Classico 100% Wool Ladies' Suit Jacket, See Measurements",Clothing > Women's Clothing > Suits,1,$12.99,7/30/2026,7/30/2026,$76.73,875325981960	,$0.00,$0.00,$16.64,$6.00,$0.00,8/4/2026,Goodwill of Central Iowa
64317945,7/30/2026,271490256,DigiTech RP360 XP Multi-Effects Guitar Processor Pedal with Looper,Musical Instruments > Amplifiers & Effects > Effects & Pedals,1,$60.00,7/30/2026,7/30/2026,$70.44,875306306687	,$0.00,$0.00,$10.44,$0.00,$0.00,8/4/2026,Goodwill Industries of San Diego County
64340249,7/31/2026,271612419,Nasty Gal Black Gothic Smock Dress Size 0 Balloon Sleeves Ruffled Vamp Witchy,Clothing > Women's Clothing > Dresses,1,$14.99,7/30/2026,7/31/2026,$67.72,383009039539	,$0.00,$0.00,$10.74,$0.00,$0.00,8/5/2026,MERS/Missouri Goodwill Industries
64340249,7/31/2026,271687337,Ray-Ban Unisex Wayfarer RB 4340 Black Sunglasses 50[]22 Made in Italy With Case,Clothing > Eyewear,1,$24.99,7/31/2026,7/31/2026,$67.72,383009039539	,$0.00,$0.00,$10.74,$0.00,$0.00,8/5/2026,MERS/Missouri Goodwill Industries
64340249,7/31/2026,271733155,Y2K Desigual T Shirt Dress Size S Black Red Mixed Print Floral Witchy Charmed,Clothing > Women's Clothing > Dresses,1,$17.00,7/31/2026,7/31/2026,$67.72,383009039539	,$0.00,$0.00,$10.74,$0.00,$0.00,8/5/2026,MERS/Missouri Goodwill Industries
64340365,7/31/2026,271298005,Boris Vallejo Fantasy Art Hardcover Book Set of 2,Books,1,$19.99,7/28/2026,7/31/2026,$62.59,875253084892	,$0.00,$0.00,$13.61,$9.00,$0.00,8/3/2026,Goodwill Industries of SW FL Books
64340365,7/31/2026,271713390,Frank Herbert Dune  Paperback Set of 3,Books > Antique/Collectible,1,$19.99,7/31/2026,7/31/2026,$62.59,875253084892	,$0.00,$0.00,$13.61,$9.00,$0.00,8/3/2026,Goodwill Industries of SW FL Books
64349438,8/1/2026,271702821,Anthropologie Metallic Red Lined Pleated Maxi Skirt WM Size XS NWT,Clothing > Women's Clothing > Skirts,1,$9.99,7/31/2026,8/1/2026,$35.94,875335832630	,$0.00,$0.00,$8.95,$6.00,$0.00,8/4/2026,Evergreen Goodwill
64349438,8/1/2026,271764426,Star Trek Official Starships Collection Tellarite Cruiser #115 Die-Cast Replica,Collectibles,1,$11.00,7/31/2026,8/1/2026,$35.94,875335832630	,$0.00,$0.00,$8.95,$6.00,$0.00,8/4/2026,Evergreen Goodwill
64349650,8/1/2026,271946213,EUC Unbranded Black Puff Shoulder Military-Style Goth Trench Coat Women M,Clothing > Women's Clothing > Dresses > Size M,1,$18.88,7/30/2026,8/1/2026,$22.88,875257165976	,$0.00,$0.00,$0.01,$3.99,$0.00,8/3/2026,Goodwill Industries of Northeastern Pennsylvania
64349686,8/1/2026,271617637,Dune by Frank Herbert Deluxe Hardcover Book Gilded Edges Arrakis Map 2005,Books > Fiction > Sci-Fi,1,$38.00,7/30/2026,8/1/2026,$52.69,9434636106616274960898	,$0.00,$0.00,$11.34,$3.35,$0.00,8/5/2026,"Goodwill Industries of Akron, Ohio, Inc."
64362755,8/1/2026,271741836,Men's BX Long Sleeve Button-Up Shirt Large Gothic Biker Skull Embroidered,Clothing > Men's Clothing > Retro/Vintage,1,$9.50,7/31/2026,8/1/2026,$180.42,875380812207	,$0.00,$0.00,$10.93,$10.00,$0.00,8/5/2026,Goodwill Industries of the Inland Northwest
64362755,8/1/2026,271807328,Vintage Black Crushed Velvet Women's Long Coat Double Breasted ILGWU,Clothing > Women's Clothing > Retro/Vintage,1,$88.50,8/1/2026,8/1/2026,$180.42,875380812207	,$0.00,$0.00,$10.93,$10.00,$0.00,8/5/2026,Goodwill Industries of the Inland Northwest
64362755,8/1/2026,271807522,Vintage Whiting Los Angeles Navy Varsity Letterman Sweater Size 42,Clothing > Men's Clothing > Retro/Vintage,1,$43.00,8/1/2026,8/1/2026,$180.42,875380812207	,$0.00,$0.00,$10.93,$10.00,$0.00,8/5/2026,Goodwill Industries of the Inland Northwest
64362755,8/1/2026,271818260,Minecraft The Complete Handbook Collection 4 Hardcover Books Mojang Set,Books,1,$8.50,8/1/2026,8/1/2026,$180.42,875380812207	,$0.00,$0.00,$10.93,$10.00,$0.00,8/5/2026,Goodwill Industries of the Inland Northwest
64362755,8/1/2026,271818561,Black Rabbit Fur Trapper Hat Ushanka Winter Cold Weather Ear Flaps Chin Strap,Clothing > Men's Clothing > Retro/Vintage,1,$9.99,8/1/2026,8/1/2026,$180.42,875380812207	,$0.00,$0.00,$10.93,$10.00,$0.00,8/5/2026,Goodwill Industries of the Inland Northwest
64398556,8/3/2026,271685156,"Dune 3 Book Set, Dune, Dune Messiah & Children of Dune",Books > Collections/Sets,1,$8.99,7/31/2026,8/3/2026,$34.61,875323474057	,$0.00,$0.00,$12.13,$4.50,$0.00,8/4/2026,Hampton – Goodwill of Central & Coastal Virginia
64398556,8/3/2026,271912997,Women's Size 10 Eliza J. New York Elegant Purple Dress (FS17E),Clothing > Women's Clothing > Dresses > Size 10,1,$8.99,8/3/2026,8/3/2026,$34.61,875323474057	,$0.00,$0.00,$12.13,$4.50,$0.00,8/4/2026,Hampton – Goodwill of Central & Coastal Virginia
64398668,8/3/2026,271894145,Sealed 1992 TSR Advanced Dungeons & Dragons Dark Sun Road to Urik 2406 DSQ1,Toys/Dolls/Games > Games,1,$52.00,8/2/2026,8/3/2026,$78.68,382992406390	,$0.00,$0.00,$11.69,$6.00,$0.00,8/4/2026,Goodwill of Greater Milwaukee and Chicago
64398668,8/3/2026,272006777,Hasbro Darth Vader's TIE Advanced Fighter Toy No Figures,Toys/Dolls/Games > Toys,1,$8.99,8/3/2026,8/3/2026,$78.68,382992406390	,$0.00,$0.00,$11.69,$6.00,$0.00,8/4/2026,Goodwill of Greater Milwaukee and Chicago
64413165,8/4/2026,271966836,Dungeons and Dragons Shadow of the Dragon Queen Deluxe Edition,Toys/Dolls/Games > Games,1,$46.88,8/3/2026,8/4/2026,$46.89,875436150801	,$0.00,$0.00,$0.01,$0.00,$0.00,8/6/2026,Goodwill Keystone Area - Harrisburg
64462601,8/6/2026,272394073,Diane Von Furstenberg Womens M Red Mohair Wool Blend Sweater,Clothing > Women's Clothing > Sweaters,1,$6.99,8/6/2026,8/6/2026,$23.00,9200190109343600023284	,$0.00,$0.00,$12.25,$3.00,$0.76,8/7/2026,Goodwill Industries of Central Texas
64462640,8/6/2026,272069456,Ace Frank Herbert Dune Series Box Set 6-Book Paperback Set,Books > Collections/Sets,1,$46.00,8/4/2026,8/6/2026,$84.41,875560062394	,$0.00,$0.00,$19.42,$6.00,$0.00,8/10/2026,Goodwill Industries of Central Texas
64462640,8/6/2026,272394042,Free People Womens Black Embroidered Sleeveless Dress Size L,Clothing > Women's Clothing > Dresses,1,$12.99,8/6/2026,8/6/2026,$84.41,875560062394	,$0.00,$0.00,$19.42,$6.00,$0.00,8/10/2026,Goodwill Industries of Central Texas
64463093,8/6/2026,271952479,"Collection of 4 Audiobook Box Sets: Dune, The Aeneid, Metamorphoses, Iliad & Ody",Movies & Music > Music > CDs,1,$66.99,8/4/2026,8/6/2026,$67.00,538577348667	,$0.00,$0.00,$0.01,$0.00,$0.00,8/10/2026,Goodwill of the Olympics and Rainier Region
64475232,8/6/2026,272075472,Set of 5 Dungeons & Dragons 4th Edition Roleplaying Game Supplements by WotC,Books,1,$41.00,8/4/2026,8/6/2026,$71.33,383148412603	,$0.00,$0.00,$16.36,$5.98,$0.00,8/12/2026,Goodwill-Easter Seals MN
64475232,8/6/2026,272400189,Women's Ivory/Pink/Blue SS Vintage Cardigan sweater - Size L NWT,Clothing > Women's Clothing > Sweaters > Size L,1,$7.99,8/6/2026,8/6/2026,$71.33,383148412603	,$0.00,$0.00,$16.36,$5.98,$0.00,8/12/2026,Goodwill-Easter Seals MN
64488638,8/7/2026,272227421,3 Sets Polyhedral Dice Dungeons and Dragons Chessex Festive Sunburst Metal.,Toys/Dolls/Games > Games > Puzzles,1,$21.00,8/5/2026,8/7/2026,$113.64,875490335090	,$0.00,$0.00,$10.16,$12.00,$0.00,8/7/2026,Goodwill Industries of Lane & South Coast Counties
64488638,8/7/2026,272344634,Defiant-302 Black Industrial Gothic Boots Size 11 Man-Made Materials,Clothing > Men's Clothing > Shoes Men's > Size 11,1,$46.00,8/6/2026,8/7/2026,$113.64,875490335090	,$0.00,$0.00,$10.16,$12.00,$0.00,8/7/2026,Goodwill Industries of Lane & South Coast Counties
64488638,8/7/2026,272426572,Rebecca Minkoff Womens Wool Cropped Peacoat RM-967 Large Navy Eclipse,Clothing > Women's Clothing > Retro/Vintage > Size L,1,$24.48,8/6/2026,8/7/2026,$113.64,875490335090	,$0.00,$0.00,$10.16,$12.00,$0.00,8/7/2026,Goodwill Industries of Lane & South Coast Counties
64550368,8/10/2026,272579667,Dungeons & Dragons 3.5 Edition Players Handbook,Toys/Dolls/Games > Games,1,$128.00,8/8/2026,8/10/2026,$180.16,383111955750	,$0.00,$0.00,$13.18,$9.00,$0.00,8/11/2026,Goodwill of Greater Milwaukee and Chicago
64550368,8/10/2026,272586980,Lot of PREACHER Comic Books,Collectibles > Comic Books,1,$9.99,8/8/2026,8/10/2026,$180.16,383111955750	,$0.00,$0.00,$13.18,$9.00,$0.00,8/11/2026,Goodwill of Greater Milwaukee and Chicago
64550368,8/10/2026,272589407,NWT Womens Ashley Steward Black Lace Top (Size 3X),Clothing > Women's Clothing > Shirts/Blouses,1,$19.99,8/8/2026,8/10/2026,$180.16,383111955750	,$0.00,$0.00,$13.18,$9.00,$0.00,8/11/2026,Goodwill of Greater Milwaukee and Chicago